time,open,high,low,close,Volume
2017-08-10,757.9,757.9,745.5,745.9,367
2017-08-11,746,746.4,743.4,745.7,510
2017-08-14,745.9,748.9,745.7,748.9,707
2017-08-15,750.3,750.9,748,748,946
2017-08-16,747.7,748.4,745.1,748.1,1065
2017-08-17,748.5,749.8,744.5,744.6,1134
2017-08-18,741.5,743.5,741.1,742.9,2490
2017-08-21,742.8,743.4,741.6,741.8,2601
2017-08-22,741.5,741.7,738.6,738.7,3128
2017-08-23,738.5,739.7,737,738.8,5824
2017-08-24,739.5,742.4,738.6,741.6,6563
2017-08-25,741.7,743.3,741.7,743.1,5386
2017-08-28,743.4,751,743,751,5662
2017-08-29,751.8,752.9,747,747,5223
2017-08-30,748.7,752.6,748.3,752.6,4413
2017-08-31,753,760.5,752.8,758.1,5359
2017-09-01,758.8,762.2,758.6,762,5720
2017-09-05,761.9,763.8,760.5,763,4580
2017-09-06,762.3,763.5,761.3,763.5,4564
2017-09-07,763.5,773.9,763.3,770,6142
2017-09-08,771,776.4,770.9,775.1,6318
2017-09-11,774.8,779.6,769,769,7003
2017-09-12,769,772.8,766.7,772.6,9529
2017-09-13,773.9,778.5,773.7,778.5,7169
2017-09-14,779,785.5,779,784.5,7736
2017-09-15,784.6,786.5,782.3,784.5,7175
2017-09-18,785.2,793.2,785.2,791.9,6221
2017-09-19,792.1,795.9,792.1,792.5,6312
2017-09-20,792.5,793.3,789.1,789.9,6765
2017-09-21,789.9,790.7,786,787.2,4674
2017-09-22,786,787.7,784.4,785.6,6515
2017-09-25,785.6,787.3,785.2,786,5199
2017-09-26,786,787,784.6,787,4518
2017-09-27,787,787.6,786.4,787,3205
2017-09-28,786.9,792.4,786.6,788,7975
2017-09-29,788.5,791.8,788.3,790.3,7060
2017-10-02,790.8,792.5,787,788.3,6062
2017-10-03,787.2,789.2,783.8,784.5,7262
2017-10-04,784.2,792,783.5,792,8062
2017-10-05,792.5,796.3,791.5,793,10122
2017-10-06,794,796,791.6,795.8,9045
2017-10-09,797.6,799,796.5,799,8325
2017-10-10,798.2,802,797.8,802,6643
2017-10-11,803.3,807.5,800,804.2,9921
2017-10-12,805,808.1,805,807,8397
2017-10-13,807.3,814,806.4,814,9827
2017-10-16,815.6,816.6,812.3,813.5,7671
2017-10-17,812.9,817.4,812.2,817.4,6126
2017-10-18,818.4,820.8,815,815,6053
2017-10-19,816,819.1,816,817.2,5647
2017-10-20,817.9,819.5,813.5,813.9,11038
2017-10-23,814,814.5,807.2,808.2,10316
2017-10-24,808.2,813,806.7,813,15474
2017-10-25,814.5,820.6,812.5,820.6,12204
2017-10-26,820.5,824,815.8,820.8,17377
2017-10-27,822.3,831,819.1,831,18567
2017-10-30,834,839.8,831,836.2,15450
2017-10-31,834.2,837.4,830.5,831.9,19633
2017-11-01,830.5,835.8,830.3,835.8,15611
2017-11-02,836.5,839.8,830,830,22192
2017-11-03,828.7,838,828.2,838,20823
2017-11-06,841,845,838.3,845,16841
2017-11-07,846.1,850.6,844,847,20580
2017-11-08,846.5,857,846.5,857,20034
2017-11-09,856.8,860.9,856.2,857.3,18926
2017-11-10,857,861,855.5,857.3,18344
2017-11-13,857.5,863.8,857.5,863.5,7471
2017-11-14,865.5,871.9,863.5,869.7,9399
2017-11-15,871.5,880.2,868.5,877,7473
2017-11-16,878,888.1,877,888.1,6160
2017-11-17,897.5,908,891.5,903,13311
2017-11-20,904.9,930,904.1,930,10205
2017-11-21,935,965.8,933.8,958,14988
2017-11-22,960.3,976,959.3,975,15357
2017-11-23,983,987.5,940,950,15836
2017-11-24,947,954,935.2,938,12871
2017-11-27,940,946,937.1,946,9354
2017-11-28,945.9,949.9,940,946.5,9158
2017-11-29,949,960,946.5,960,7116
2017-11-30,963.1,972.9,958,958,10314
2017-12-01,959.2,964.6,958,963.6,7557
2017-12-04,967.5,988,965.2,988,7269
2017-12-05,992,992,951.6,955,13736
2017-12-06,953,953.9,923.4,949,19866
2017-12-07,948.9,952.9,930.6,937,17187
2017-12-08,935,943,929,936,16021
2017-12-11,928.5,929,900,900,13634
2017-12-12,906,917.9,860,905,26110
2017-12-13,914,916.8,895,910,24962
2017-12-14,906.9,928,905.2,928,20361
2017-12-15,935,939,927,935,16825
2017-12-18,940,958,938,958,13261
2017-12-19,956.8,961.9,941.2,942.5,15668
2017-12-20,944.8,953.5,941.1,949,12353
2017-12-21,948,953.6,937.8,937.8,7596
2017-12-22,950,956,949.1,956,15441
2017-12-25,958.2,961.3,956.3,961.3,9454
2017-12-26,961.9,976,961.4,976,12333
2017-12-27,975,978.8,960,966,14534
2017-12-28,968.1,979.3,965.2,977.9,13077
2017-12-29,980,988.8,978,980,16735
2018-01-02,983.9,999,980.8,999,11347
2018-01-03,1002.5,1015.2,1002,1012.8,16134
2018-01-04,1014.8,1023.9,1012.8,1023.9,13815
2018-01-05,1024.1,1025,1007,1012,16296
2018-01-08,1008.3,1031,1005.7,1030,13326
2018-01-09,1034.3,1043,1025.5,1042,17655
2018-01-10,1042.5,1048.8,1035,1040,17692
2018-01-11,1037.5,1054,1033.1,1052.8,16763
2018-01-12,1053.1,1058.3,1046.6,1051.5,19166
2018-01-15,1050,1059,1046.1,1059,15375
2018-01-16,1059,1065.1,1050.2,1058,15517
2018-01-17,1059.9,1060.7,1024,1024,11550
2018-01-18,1021,1044.3,1013.2,1044.3,12075
2018-01-19,1057,1063.9,1052.5,1052.5,20020
2018-01-22,1056,1089.8,1056,1089.8,19173
2018-01-23,1087.5,1103,1087.1,1100,10305
2018-01-24,1100,1106.8,1098.1,1103,10735
2018-01-25,1106,1123.5,1105.9,1119,18230
2018-01-26,1120.2,1123.9,1105,1111,22144
2018-01-29,1113.5,1116.6,1091.8,1093,18590
2018-01-30,1086,1105,1078,1105,23466
2018-01-31,1103,1112,1085,1085,23687
2018-02-01,1086.3,1091,1072.5,1080,25179
2018-02-02,1082,1087,1075.6,1087,23420
2018-02-05,1081,1081.9,1042,1042,23907
2018-02-06,1014.8,1035,978,1000,34837
2018-02-07,1028.8,1031.7,1015,1020,27374
2018-02-08,1019.9,1023.2,1004.5,1004.5,22948
2018-02-09,957,1000,957,1000,28547
2018-02-12,1010,1039,1007.6,1039,13958
2018-02-13,1046.1,1058.7,1044.8,1053.5,8526
2018-02-21,1074.2,1092.5,1074.2,1082,16094
2018-02-22,1071.5,1084.5,1059.9,1059.9,27033
2018-02-23,1073,1106,1072,1106,27435
2018-02-26,1121,1127.9,1099,1108.2,26368
2018-02-27,1117,1120,1093,1112,36321
2018-02-28,1102.2,1112.5,1098,1105,27133
2018-03-01,1098,1115,1096.2,1105.5,33683
2018-03-02,1097,1109,1092.3,1109,26006
2018-03-05,1115,1119.7,1075.5,1075.5,22423
2018-03-06,1086.4,1110,1081.1,1110,30557
2018-03-07,1109.9,1111,1074,1087,33011
2018-03-08,1095.1,1112,1092.2,1105.6,33867
2018-03-09,1114,1120,1096.5,1106,31874
2018-03-12,1117,1119.5,1106.2,1111.8,23088
2018-03-13,1108.5,1116,1098.2,1116,28875
2018-03-14,1115.7,1117.5,1110.1,1113.9,15889
2018-03-15,1109.8,1113,1107,1109.5,9003
2018-03-16,1123,1126.6,1121.1,1126.6,14259
2018-03-19,1128,1137,1126.8,1131.1,14895
2018-03-20,1127.7,1136.6,1126.5,1132,16426
2018-03-21,1134.1,1142.3,1134,1139.9,17643
2018-03-22,1146,1148.4,1139,1139,17855
2018-03-23,1124.1,1127.6,1119.6,1126,24527
2018-03-26,1125.6,1148,1125.1,1140,18497
2018-03-27,1154.5,1154.5,1144,1146.9,19508
2018-03-28,1143.3,1149,1141.1,1146.5,16640
2018-03-29,1148.5,1149.9,1141.3,1142.8,15467
2018-03-30,1144,1147,1139.3,1145.2,14884
2018-04-02,1148,1163.4,1147,1162,17198
2018-04-03,1161.2,1163,1156.5,1162.6,15942
2018-04-04,1168.1,1170.5,1162,1162,16690
2018-04-05,1167,1170,1163.3,1170,15374
2018-04-06,1169.5,1173.8,1168.6,1170,13578
2018-04-09,1170.9,1178.3,1170.5,1178.3,10699
2018-04-10,1177.9,1179.8,1172.3,1174,14991
2018-04-11,1175,1175.6,1140,1140,21598
2018-04-12,1138.5,1145,1128,1141,29480
2018-04-13,1145.2,1147.7,1125,1125,25078
2018-04-16,1124,1132.8,1123.1,1125,18355
2018-04-17,1127.3,1133.5,1120.2,1133.5,20613
2018-04-18,1136.6,1136.9,1112.1,1112.2,18712
2018-04-19,1113.8,1114.8,1065,1065,18501
2018-04-20,1073,1096.9,1060.1,1096.9,45743
2018-04-23,1098.9,1099,1030.5,1035,41255
2018-04-24,1040,1064.7,1031,1044,53536
2018-04-26,1047.5,1048.5,1004,1014.5,52271
2018-04-27,1014,1038,1010.1,1031,62038
2018-05-02,1033,1034,1000.1,1008.1,58624
2018-05-03,1004.9,1021.5,991.5,1019,68891
2018-05-04,1020.1,1021.9,1007,1013,54438
2018-05-07,1017,1056,1016,1056,44783
2018-05-08,1054.5,1067,1047,1050,68286
2018-05-09,1048,1061,1041,1042,68699
2018-05-10,1044.5,1048,1008,1014,66720
2018-05-11,1010,1034.9,998.1,1034,71435
2018-05-14,1037,1056.8,1028.6,1056.8,63703
2018-05-15,1055.1,1072.9,1047,1047,65821
2018-05-16,1049,1053.5,1024,1032,53866
2018-05-17,1031.8,1033,1006,1006,48160
2018-05-18,1013.8,1029.8,993,1026.9,69922
2018-05-21,1028,1034.9,992.5,992.5,81025
2018-05-22,991,996.5,954.6,964,84001
2018-05-23,963.5,982,946.1,972.5,86276
2018-05-24,973,974.9,948.1,957,85277
2018-05-25,957.1,966.5,930,930,76618
2018-05-28,926.1,927.5,880.6,883.5,71052
2018-05-29,881,935.9,880.1,924,94873
2018-05-30,923,931,895,908,113359
2018-05-31,912,945.7,908.1,940.5,90673
2018-06-01,937.7,963.8,936.6,957.5,85724
2018-06-04,953.6,984.5,953,980.5,78215
2018-06-05,984,992,977.5,990,79309
2018-06-06,993,1019,986.8,1019,69173
2018-06-07,1020,1027.8,1011,1016,83969
2018-06-08,1016,1020.3,1010.3,1017.9,66510
2018-06-11,1015.8,1031.7,1012,1017.1,66844
2018-06-12,1014.5,1014.5,995.1,1005.8,89829
2018-06-13,1007.4,1018.5,1002.6,1018.5,83785
2018-06-14,1018.8,1021.4,1002,1002,73466
2018-06-15,1000,1008,994.2,1008,74736
2018-06-18,1006,1008.1,970,970,78352
2018-06-19,964.2,965,908.1,937.9,104565
2018-06-20,945,963.5,935,961,113319
2018-06-21,962,963,942.5,954,69828
2018-06-22,940,969.6,937.4,967.2,112249
2018-06-25,972.9,988,972.2,973.2,83134
2018-06-26,969,969.2,949.6,968,109891
2018-06-27,975.1,976.9,945,945,120943
2018-06-28,945,952.5,926.1,941,140490
2018-06-29,943.2,951.9,936.7,943.2,118223
2018-07-02,940,942.3,912.5,921,128952
2018-07-03,924,925.9,890.1,890.1,138450
2018-07-04,889.4,898,878.6,893,147237
2018-07-05,894,894.5,856.1,866,140761
2018-07-06,871,904,857.3,895,163341
2018-07-09,907,916.8,884,884,146717
2018-07-10,890.9,910.8,882.5,889,162556
2018-07-11,877,877.9,853.2,871,153804
2018-07-12,872,891.6,870,876,147074
2018-07-13,883,902,882.6,902,155462
2018-07-16,910,914.8,898,908,139667
2018-07-17,902,918,897.1,918,136753
2018-07-18,923,934.1,920.5,934.1,84471
2018-07-19,936,942.5,933,941,64497
2018-07-20,932.3,946,927.5,945,100734
2018-07-23,938,948.1,925,925,102432
2018-07-24,930,933.9,915.2,924,138258
2018-07-25,927.2,931.5,911,911,121062
2018-07-26,912.1,919.8,904.2,919.8,123125
2018-07-27,919,926.7,918.2,925,97568
2018-07-30,926.4,940.8,926.2,937.5,77330
2018-07-31,938,945.6,935.2,938.5,104633
2018-08-01,939,943.1,931.5,934,97696
2018-08-02,932,938.2,923.1,938.2,98563
2018-08-03,938.2,944.9,935,935,74712
2018-08-06,937,939,930,934.6,95205
2018-08-07,935.1,938,931.6,934.5,83809
2018-08-08,935.2,943.5,934.8,943.5,64108
2018-08-09,946,950.8,940.2,940.2,79080
2018-08-10,939,947.6,935.8,946.5,85062
2018-08-13,943.5,954.6,942.2,953,81541
2018-08-14,955.1,962,952.1,959.3,79266
2018-08-15,958,962.4,946.6,946.6,89449
2018-08-16,942.4,947.5,935.5,947,71410
2018-08-17,953,954.8,944.6,947,98531
2018-08-20,946.2,951.5,942.5,945,88210
2018-08-21,944.7,958.5,944,958.5,83718
2018-08-22,959.6,960.6,953.5,957,87588
2018-08-23,957,963.5,955.8,960.6,84610
2018-08-24,959.1,963,956.3,958.5,73122
2018-08-27,960.8,965.2,960.7,963.2,56268
2018-08-28,966,967.7,964.3,965.6,54821
2018-08-29,966,966.2,961.9,962,47353
2018-08-30,961,970.5,960.6,970.5,47804
2018-08-31,970,973.3,963.5,965.7,62804
2018-09-04,964.5,966,956,956,64838
2018-09-05,952.5,954.5,940.1,944,87717
2018-09-06,945.1,945.9,933,934.7,94376
2018-09-07,935.5,946.5,930.3,943.5,99446
2018-09-10,944.5,944.8,934.6,936.2,82105
2018-09-11,936.8,953.1,935.8,953.1,84494
2018-09-12,955,963,950,950,103483
2018-09-13,953,959.5,948.6,953,126627
2018-09-14,956,960.9,953.5,958.5,91254
2018-09-17,955.4,956.4,949,950.5,75317
2018-09-18,948,962,947,962,76287
2018-09-19,964.3,966.9,959.7,962.8,71919
2018-09-20,963.5,971,962.2,971,52525
2018-09-21,975.9,980.5,968.5,980,76966
2018-09-24,978.1,985,977.1,981.5,69909
2018-09-25,982.2,983.9,979.4,980.6,62209
2018-09-26,981.4,988.4,980.1,981,64336
2018-09-27,983,987.3,980.9,985.8,77757
2018-09-28,987.5,990.4,986.1,987.4,60396
2018-10-01,989,991.3,984.9,984.9,50646
2018-10-02,984.5,988.5,981.1,984,61385
2018-10-03,984.5,987.3,982.6,986.5,57468
2018-10-04,987.2,992,986.5,992,49998
2018-10-05,990.1,990.9,982.3,982.6,53977
2018-10-08,979,979.5,972,973.2,64737
2018-10-09,974.3,976.4,970.2,973.5,62027
2018-10-10,973,973.9,970.2,971.6,43355
2018-10-11,952,959,920.2,920.2,129141
2018-10-12,910,944.5,902.9,944,148760
2018-10-15,939.5,942,919,919,134430
2018-10-16,925.5,938,924.6,935.1,121759
2018-10-17,953,953,942.3,945.5,93709
2018-10-18,941,941.9,936.3,937.6,62813
2018-10-19,922,932.9,919.3,932.2,116399
2018-10-22,935.2,937.2,920.5,921.5,102024
2018-10-23,912,914.7,890.2,901,136594
2018-10-24,909,910.8,885,885,161827
2018-10-25,860,888,856,886.5,184367
2018-10-26,892.5,894.1,870,870,191779
2018-10-29,875,881,868.3,878,191419
2018-10-30,875.5,881.5,872.5,876,159289
2018-10-31,884,904,882.6,904,118224
2018-11-01,904.3,904.9,876.5,884,178898
2018-11-02,893.5,910,891.2,906.5,175235
2018-11-05,896.4,904,889,899,158585
2018-11-06,905,906.5,894,894,161568
2018-11-07,896.5,899.5,885.3,894.8,162816
2018-11-08,906,906.9,893.6,893.6,119033
2018-11-09,893,893.8,880,880,132579
2018-11-12,879,887.9,875,885,127313
2018-11-13,867.1,878.1,866.8,872.8,138814
2018-11-14,870.4,875.9,864.5,871,117102
2018-11-15,864.1,869.1,863,866.8,67895
2018-11-16,868.1,874.9,867.6,870,121319
2018-11-19,873,881,872.1,881,89525
2018-11-20,878.8,883.7,876.5,881.3,117888
2018-11-21,876,895,875.1,895,114488
2018-11-22,892.8,896.8,889.5,892,114410
2018-11-23,892.2,892.8,886,886.8,98860
2018-11-26,887.9,891,882.8,890.4,102089
2018-11-27,890.5,893.9,884.4,884.4,103148
2018-11-28,886.1,891.6,884.1,890.3,105558
2018-11-29,897,897.9,885.2,885.2,102906
2018-11-30,886.2,889.9,880.5,887.5,124714
2018-12-03,896.7,915.7,896.3,915,105875
2018-12-04,912.5,917.8,904,912.8,144157
2018-12-05,906.2,919.4,905.4,915.5,157723
2018-12-06,912,914.5,902.6,909,143614
2018-12-07,913,920.4,912.5,914.1,125888
2018-12-10,911,914.4,908.4,913.9,116921
2018-12-11,916.5,916.7,909.5,914.1,117500
2018-12-12,917,923,916.5,920.8,96037
2018-12-13,922.8,926,921,923.9,92408
2018-12-14,921.5,922.3,913.1,913.1,82231
2018-12-17,912,912.5,897,897,101062
2018-12-18,893,894.6,883.5,894.6,122686
2018-12-19,896,896.1,878.4,884.5,122924
2018-12-20,877.3,885.4,876.1,878.5,80638
2018-12-21,876.6,879.6,871.1,879.5,143153
2018-12-24,879.8,881.9,874.2,877,108772
2018-12-25,860.1,868.6,855,867.7,150895
2018-12-26,869.9,872,863,863,152700
2018-12-27,879,879,867.5,867.5,139593
2018-12-28,870,870.6,855,855,120906
2019-01-02,856,857.3,839.8,842.7,93065
2019-01-03,845.3,845.9,820,824,186737
2019-01-04,822,838.5,814.1,834,190101
2019-01-07,840.5,846.2,832.2,842,167223
2019-01-08,841.1,843.4,835,840.8,164901
2019-01-09,845.2,851.8,844.9,847.5,153409
2019-01-10,845,848.5,840.5,840.5,127039
2019-01-11,845,849.5,841.8,845.6,113695
2019-01-14,844.6,847.8,842.8,846.5,88977
2019-01-15,850,860,849.2,860,102201
2019-01-16,861.4,863.3,858.5,860.7,91175
2019-01-17,860.5,861.4,850,850,25125
2019-01-18,844.5,847.1,841,841,117714
2019-01-21,844.2,862.4,844.1,862,124449
2019-01-22,863.4,863.4,852.7,854,129617
2019-01-23,853.1,863.5,851.7,860.8,147020
2019-01-24,860.5,866.8,859,861.7,166608
2019-01-25,865,869,863.5,867.9,129033
2019-01-28,870.3,872.5,863.7,865,113209
2019-01-29,862.1,870,860.6,870,109982
2019-01-30,871.5,872.8,867,868.2,122547
2019-01-31,873.1,874.8,866,866.9,103481
2019-02-01,866.4,868.8,862.5,868.5,91446
2019-02-11,868,878,868,878,63804
2019-02-12,878.1,890,877.8,885,119240
2019-02-13,888,896,885.6,894.5,137697
2019-02-14,893.9,896.8,890.6,892.1,122562
2019-02-15,890.5,892.6,887,889.6,87710
2019-02-18,897.9,899.6,895.6,899.5,67201
2019-02-19,900,908.8,900,900.1,84749
2019-02-20,901.5,908.9,899.5,908.9,87347
2019-02-21,908.1,925,908,925,37825
2019-02-22,913,924.5,911.5,919.4,124838
2019-02-25,926,938.2,925.5,937,114068
2019-02-26,934,935.1,918.8,922.9,140349
2019-02-27,927.8,932.5,920.5,923,132041
2019-02-28,923,923.7,900,900,150089
2019-03-01,906.1,912.6,901.6,910,153034
2019-03-04,915,927.3,915,926.9,119586
2019-03-05,922,930.5,917.5,917.5,163684
2019-03-06,914,918.9,905.5,918,163768
2019-03-07,919.9,925.6,908,908,180793
2019-03-08,904,906.6,895.1,899,158087
2019-03-11,904,912.4,902,911.8,137706
2019-03-12,919,930,915.5,930,129418
2019-03-13,927.8,933.6,926.6,927,131532
2019-03-14,930,930.4,924.5,926,128306
2019-03-15,927.6,928,922.1,927,93781
2019-03-18,932,937.5,931.2,935.1,71031
2019-03-19,934,935.1,924.8,926.1,96669
2019-03-20,922,925.2,916.3,925.2,81860
2019-03-21,925.2,926.8,908,908,43787
2019-03-22,895.6,900.8,891,897.4,134932
2019-03-25,882,885,873.8,883,115852
2019-03-26,887.1,888.6,878,880,124485
2019-03-27,883.9,887.5,881.8,884,97998
2019-03-28,881.3,885.9,880.4,883.2,90089
2019-03-29,887.9,891.1,884,884,103474
2019-04-01,890.8,890.8,887,890,64539
2019-04-02,895.1,896,885.1,885.1,84449
2019-04-03,886.9,888,882.5,888,89475
2019-04-04,887,889.6,884.4,888,96497
2019-04-05,888.9,889,886.6,888,60717
2019-04-08,888.5,894.8,888.2,894.8,71697
2019-04-09,895.5,896.2,885.8,887,102480
2019-04-10,882.9,886.2,881.1,885.2,100449
2019-04-11,885,885.5,881.1,883.1,84577
2019-04-12,883.2,885.5,881.9,885,60016
2019-04-16,881.8,885.4,879,885.4,70041
2019-04-17,885,886.5,882.1,883,61812
2019-04-18,882,883.2,877,877,38596
2019-04-19,867.6,868.4,865.5,866.2,55777
2019-04-22,865.1,865.6,859.9,861.9,70407
2019-04-23,861.1,867.9,861.1,865.5,84389
2019-04-24,868.5,873.4,867.9,872.8,80829
2019-04-25,872.1,872.9,867,868.6,76615
2019-04-26,868.1,877,867.9,877,101989
2019-05-02,879.4,879.5,874.7,877.6,63394
2019-05-03,875.2,880,875.1,880,78071
2019-05-06,870.9,871,864.2,866.6,85333
2019-05-07,871,874.4,867.7,873.7,108009
2019-05-08,867,874.6,867,873.3,91122
2019-05-09,873,875.3,871,871,79617
2019-05-10,877,877.3,871.8,876.7,78281
2019-05-13,876.4,878.9,876.1,877.3,41338
2019-05-14,875.9,883,874.5,883,43050
2019-05-15,883.9,893,883.6,892.1,38094
2019-05-16,893.5,896,890,890,33074
2019-05-17,893.7,895,891.2,892.6,66549
2019-05-20,893.8,909.5,893.5,908.9,98830
2019-05-21,912,914.2,906.6,910.6,102021
2019-05-22,911.7,912.8,906.3,908.2,90296
2019-05-23,905.8,908.6,903.7,907.9,82873
2019-05-24,908,912,899.8,901,97833
2019-05-27,898.2,903.8,898,902.4,80407
2019-05-28,903,905.7,896.6,903,93218
2019-05-29,901.6,904,898,898,92325
2019-05-30,898,900.2,896.8,898.9,72448
2019-05-31,897.5,898,878,878,97234
2019-06-03,875,875.3,855.2,859,101224
2019-06-04,861.9,866.3,856.1,865,121426
2019-06-05,872.1,872.7,864.5,866.4,99414
2019-06-06,866.8,866.8,853.6,866.5,136732
2019-06-07,868.2,874.8,867,874.8,86821
2019-06-10,878.1,883.3,875,878.5,96942
2019-06-11,877.1,880.9,875.7,877,87100
2019-06-12,875,876.2,868.7,868.7,95576
2019-06-13,865.6,865.8,858,865,125696
2019-06-14,865.7,865.9,858.9,858.9,92807
2019-06-17,860.6,860.9,852.5,854,87715
2019-06-18,851.5,852.9,848.1,851.6,74663
2019-06-19,857.5,857.9,854.2,856.8,39628
2019-06-20,856.9,867.8,856.2,865,38661
2019-06-21,883.8,885,879,885,77707
2019-06-24,884.5,889.4,881.6,881.6,86004
2019-06-25,879.7,881.6,875.1,875.1,97557
2019-06-26,873.6,875.7,871.9,872.6,82131
2019-06-27,873,873.5,856.9,856.9,98489
2019-06-28,854.5,867.9,846.2,867.9,134483
2019-07-01,877,889.2,876.2,888.4,83943
2019-07-02,886.5,886.7,873.2,874,162600
2019-07-03,871.5,875,866.2,874,136789
2019-07-04,878.9,888,878.4,886,112697
2019-07-05,887,887,882.2,882.5,99465
2019-07-08,877.5,879,866.8,873.5,102246
2019-07-09,871.3,875.5,866.8,874.5,118718
2019-07-10,879.5,883.2,876.4,877.6,95626
2019-07-11,884,885.8,879.2,880,121912
2019-07-12,883.8,884.2,873,873.6,109775
2019-07-15,870.2,879,870.2,879,102320
2019-07-16,877.2,882.5,876.8,880.8,87075
2019-07-17,881.3,883,876.9,878,67671
2019-07-18,876,877,870.8,870.8,26981
2019-07-19,880.5,882.5,878.4,880.5,74222
2019-07-22,878,880.9,874.7,874.8,68774
2019-07-23,877,887.5,875.1,886,106424
2019-07-24,887.5,889.5,883.2,885,103712
2019-07-25,884.3,889.3,883.9,885,89546
2019-07-26,885,886.2,882.7,886.2,65647
2019-07-29,886,888.3,882.3,885.9,81725
2019-07-30,887.7,888.5,874.5,874.5,92544
2019-07-31,873.3,885,873.2,885,92561
2019-08-01,881.3,883.9,876.5,882.5,125727
2019-08-02,876.8,881.8,875.4,880.5,91989
2019-08-05,877.1,878.9,873.3,874,80808
2019-08-06,863,868.9,860.6,868,114874
2019-08-07,868,869.1,863.4,865,88394
2019-08-08,868.1,871.3,865.2,869.2,89059
2019-08-09,871.5,872.5,869.6,869.7,69862
2019-08-12,870.2,875.4,869.5,874.7,47781
2019-08-13,872.4,873.4,869,872.1,46468
2019-08-14,876.5,879.7,876.4,877.6,38827
2019-08-15,868.8,890.4,867.7,890.4,29669
2019-08-16,877.1,889.3,876,879.1,100304
2019-08-19,881.9,884.8,880,883.5,83239
2019-08-20,882.7,884.4,881,882.3,66158
2019-08-21,882.9,887.9,882.7,887.3,82587
2019-08-22,888.5,890,884.6,886.6,64602
2019-08-23,887.7,889.7,886.1,887.8,52534
2019-08-26,881.5,885.8,880.8,885.5,76157
2019-08-27,886.8,887.7,881,881,60271
2019-08-28,882,882.9,878.3,880.9,73645
2019-08-29,880.9,884.6,880,884.6,57345
2019-08-30,887,887.4,884.1,886,51742
2019-09-03,885.5,886.6,882.9,883.1,36193
2019-09-04,884.4,887.3,882.8,887,54121
2019-09-05,888.7,888.8,885.6,886,47696
2019-09-06,886.4,887.7,885.4,886.9,42575
2019-09-09,887,887.5,885.8,886,22299
2019-09-10,886,886.4,882.5,882.6,44570
2019-09-11,883,884.7,882.6,884.7,38377
2019-09-12,886,887.9,885.7,887.1,35880
2019-09-13,887.3,902.4,887.3,901.6,62852
2019-09-16,902.4,904.2,900.4,902.2,41296
2019-09-17,901.2,908.8,901.2,908,48471
2019-09-18,908.1,911.9,905.6,910.5,51253
2019-09-19,911.8,917.1,908.6,917.1,42939
2019-09-20,914.4,915.3,911.5,914,51552
2019-09-23,913.7,916.5,907,907,57886
2019-09-24,907.3,911.4,906.8,909.9,70421
2019-09-25,908.5,913.3,905.9,911.1,70160
2019-09-26,912.5,916.7,911.3,916.1,72656
2019-09-27,915.5,924.5,915.2,923,87144
2019-09-30,926,936,922.1,922.1,94594
2019-10-01,923.6,930,921.7,930,95532
2019-10-02,929,931.5,918.2,920.8,100075
2019-10-03,916.8,926,914.2,926,86857
2019-10-04,925.8,926.8,917.2,918.6,94539
2019-10-07,919,920.1,911.4,912.2,68447
2019-10-08,912.7,918.9,911.2,916.6,84929
2019-10-09,916,918.8,911.3,914.8,73897
2019-10-10,915,918.3,913,913,76849
2019-10-11,915.6,917.4,913.7,915.5,69772
2019-10-14,919.9,925.4,918.5,922.7,57511
2019-10-15,922.7,924.5,921.1,924.2,52361
2019-10-16,926.4,927.6,923.5,923.6,52186
2019-10-17,924,926.2,918.8,918.8,47138
2019-10-18,923.3,924.2,919,921.4,49030
2019-10-21,920.5,920.7,917.5,918.1,47353
2019-10-22,919.9,920.8,918,919.2,45364
2019-10-23,919.2,919.5,917.3,919.5,42755
2019-10-24,920.4,925.8,920,925.8,46732
2019-10-25,925.7,927,924.1,925.9,48835
2019-10-28,927.6,929.5,925.2,926.5,47232
2019-10-29,927,927.8,925.6,926,32620
2019-10-30,925.5,931.8,925,928.4,65856
2019-10-31,929.7,931.2,924.6,926.5,60370
2019-11-01,926.9,935,926.1,933.5,65676
2019-11-04,937,938.8,935.3,937,55674
2019-11-05,937,939.7,936.2,938,48988
2019-11-06,937.2,940.3,937.1,937.9,43372
2019-11-07,937.9,941.8,936.9,941.8,36326
2019-11-08,942,943.1,940.1,942.5,41631
2019-11-11,941.3,941.8,938.6,939.2,31339
2019-11-12,940.1,944.4,939.4,942.9,53717
2019-11-13,941.5,942.6,935.5,937.2,63492
2019-11-14,937.9,938.4,933.1,934.7,50119
2019-11-15,935.3,937.1,931.7,933.8,65798
2019-11-18,934.5,935.1,927.8,929,53604
2019-11-19,929.6,930.4,927.1,929.7,52256
2019-11-20,929.2,929.6,921,921,55407
2019-11-21,918,918.8,899,899,60441
2019-11-22,909,910.5,893.1,901.5,88463
2019-11-25,902.5,903.4,894.5,902.9,94785
2019-11-26,904.8,907.3,903.5,905.5,57442
2019-11-27,905.7,906.7,897.8,899.5,74963
2019-11-28,897,897.2,887.7,892.3,81160
2019-11-29,891,894.7,889.8,891.1,68240
2019-12-02,892.3,893,878,878,83446
2019-12-03,875.3,884.4,871.1,875.1,131387
2019-12-04,871.5,887.8,871.5,887.8,119092
2019-12-05,887.6,889.5,883.6,885,70075
2019-12-06,885.6,888.6,884.2,884.7,67658
2019-12-09,885.3,887.5,875.5,879.2,65351
2019-12-10,878.7,879.7,872,877,92670
2019-12-11,877,884,870.6,884,93878
2019-12-12,884.1,887.3,882.4,885,63920
2019-12-13,888.3,888.9,881,881.5,68484
2019-12-16,880.8,882.5,875.6,877.4,64690
2019-12-17,878,878,868,868,73442
2019-12-18,867,868,860.7,861.5,76760
2019-12-19,861.8,867.7,859,861.2,75009
2019-12-20,866,870.5,864.5,869.4,69556
2019-12-23,870.7,875.9,868.1,868.1,76689
2019-12-24,867.8,871.6,862.8,871.5,99011
2019-12-25,873,876,871.5,873.8,67487
2019-12-26,874,877.5,871.1,871.1,72415
2019-12-27,870.2,879.3,868.6,879.3,72451
2019-12-30,880.5,881.8,876.7,878.3,56581
2019-12-31,878.2,879.8,874.8,876.3,62291
2020-01-02,877.5,886.3,876.5,886.3,70480
2020-01-03,887.1,887.9,879.5,879.5,70389
2020-01-06,877.5,883.5,871.6,872,83770
2020-01-07,873.9,877.8,871.6,875,83997
2020-01-08,868,871,863.4,863.7,90489
2020-01-09,869.1,876.2,868.7,874.8,75461
2020-01-10,876.1,884.4,875.4,878.7,82465
2020-01-13,881,883.1,877.6,879.5,69842
2020-01-14,880.5,885.8,880.1,882.3,74369
2020-01-15,882,884.3,880.1,883.8,59791
2020-01-16,886.5,892.3,885.5,892.1,54457
2020-01-17,895,895.5,889.5,893.5,70607
2020-01-20,893,897.2,891.6,896.9,60257
2020-01-21,896,904.6,896,902.2,63328
2020-01-22,902.7,909.1,901.8,909,64281
2020-01-30,903.6,904,873,873,105632
2020-01-31,879,879.4,845,852,139324
2020-02-03,847.1,850,811,841,183620
2020-02-04,844.8,851,831.2,842.2,194912
2020-02-05,848.5,849.5,835.7,841.8,139923
2020-02-06,846,861.4,844,860.5,140367
2020-02-07,856.4,859.4,850.6,857,125635
2020-02-10,851,851.5,845.6,846.1,107072
2020-02-11,849,856.5,847.1,850.3,103659
2020-02-12,849.1,864.7,849.1,856.6,128526
2020-02-13,855.5,856.9,849.6,855.1,131133
2020-02-14,859.5,864,858.3,861.8,126261
2020-02-17,863.2,865.4,859.5,863.8,86306
2020-02-18,862.7,864,856,856,74707
2020-02-19,857.9,865.8,856.5,865.8,82723
2020-02-20,867.5,873.5,865.8,871.7,64539
2020-02-21,868,872,861.4,862.8,112375
2020-02-24,850,850.7,829,829,128478
2020-02-25,825,842.2,820,841,162837
2020-02-26,825,841.5,824,836.6,179965
2020-02-27,834.5,847.2,832.4,847.2,156792
2020-02-28,833,837.9,816.6,830.1,203810
2020-03-02,834.8,844.9,831.5,839.6,118761
2020-03-03,846.5,849.4,838,838,136611
2020-03-04,836.2,842.4,834.6,841.1,123322
2020-03-05,845.1,848.4,836,836,105182
2020-03-06,828.9,834,822.3,832.3,141416
2020-03-09,796.2,798,774.1,774.1,131999
2020-03-10,768,791.9,760.2,781.5,207615
2020-03-11,778.9,784,726.8,745,212493
2020-03-12,718,721.9,694,694,194113
2020-03-13,668,729,661,712.3,228204
2020-03-16,699,705,668,674.9,186102
2020-03-17,682,705,675.2,700.6,216320
2020-03-18,699.9,704.5,681.7,688,174759
2020-03-19,686,688,671.8,678,139677
2020-03-20,672.8,677.8,668,672.1,145359
2020-03-23,642,644.9,625.1,625.1,97093
2020-03-24,634.5,636.9,620,626,210798
2020-03-25,639.9,649.5,636.2,648.3,167871
2020-03-26,642.1,643.9,625.5,626.1,176064
2020-03-27,632.3,635,605,615,204113
2020-03-30,604.9,604.9,578.7,583,202159
2020-03-31,592,602.7,560,578.7,226261
2020-04-01,583,601.2,577.5,590,218566
2020-04-03,604,615.8,603.2,613.9,181611
2020-04-06,639.9,656.8,636.3,656.8,123780
2020-04-07,675.8,682,658.3,677,228037
2020-04-08,661,675,656.8,675,193063
2020-04-09,681,689.5,678,680.2,194931
2020-04-10,680.2,686,672.1,682,210246
2020-04-13,676.1,696.5,676.1,689.7,202584
2020-04-14,697.1,705.8,688,705.2,186742
2020-04-15,705.9,719.5,705.8,717.5,151019
2020-04-16,716.9,728.4,714,725.2,102626
2020-04-17,723,724.5,710.5,716.5,178181
2020-04-20,713.5,718.5,710,710,159470
2020-04-21,703.5,703.9,668,670.1,230517
2020-04-22,662.6,689.7,659.1,686.9,258419
2020-04-23,691,696,678.9,678.9,260194
2020-04-24,680,698.5,675,697.1,235828
2020-04-27,706.9,710,688,692.5,209723
2020-04-28,689,701.5,684.2,694,240653
2020-04-29,696,707.1,692.6,702.5,223231
2020-05-04,680.1,695.7,678.1,684,202008
2020-05-05,689,698,688.2,695.3,190570
2020-05-06,696,718,695.3,718,179060
2020-05-07,718,746.9,717.5,742,212402
2020-05-08,748,792.5,723.1,744,276292
2020-05-11,758.3,775,748.1,762.2,241815
2020-05-12,759.1,766,749.8,759.1,261592
2020-05-13,755,781,748.1,770.3,274565
2020-05-14,762.1,774,759.8,768,220617
2020-05-15,773,777,763,766.7,185787
2020-05-18,769.8,788,767.1,788,157405
2020-05-19,805.3,813.7,792.5,799.5,158811
2020-05-20,799,807.5,794,807.5,153550
2020-05-21,807.5,864,805.1,864,90311
2020-05-22,789,794.5,768.9,768.9,183398
2020-05-25,776.5,786,772.3,782,196856
2020-05-26,790,809.4,788.1,809.4,181518
2020-05-27,810.9,813,781.1,782.9,208309
2020-05-28,788,796.5,778.3,790,234116
2020-05-29,788.6,792.8,776.1,785,185260
2020-06-01,794.9,812,793.5,811,147528
2020-06-02,813.9,815.2,800.6,808.1,205836
2020-06-03,820.1,821.8,811,819,204025
2020-06-04,821,822.3,813.3,815,131414
2020-06-05,813,825,809.3,825,143854
2020-06-08,832,845,831,836.5,159338
2020-06-09,836.5,838.8,827,827,157697
2020-06-10,829.5,840.8,825.9,839.3,185721
2020-06-11,833.9,838.8,795,795,191947
2020-06-12,783.5,806.4,778.1,805,300905
2020-06-15,796.5,803.5,765.2,775,208388
2020-06-16,793.9,801.5,790.8,798,212214
2020-06-17,798.8,802.9,793.1,800.7,176293
2020-06-18,794.1,803.6,790.8,797.1,100844
2020-06-19,790,800,789,798.6,130018
2020-06-22,800.2,805.8,793,797.9,156049
2020-06-23,791.1,800.4,791.1,796,175272
2020-06-24,796,798.3,783.5,785,143297
2020-06-25,776.2,782.8,775,781,172194
2020-06-26,787.8,788.5,776.1,778.1,142205
2020-06-29,776.7,776.7,753.6,763,218029
2020-06-30,769,770.4,751,752.5,197428
2020-07-01,755.9,769.9,753.1,768.6,197988
2020-07-02,770.6,778,762.6,773,219722
2020-07-03,774.8,776.5,768.7,772.8,167568
2020-07-06,780.3,798.3,780.3,798.3,128165
2020-07-07,797.8,806.3,791.6,794,192970
2020-07-08,793.1,802.1,791.1,802.1,182464
2020-07-09,801.9,820.3,801,815.2,201766
2020-07-10,819.7,819.7,798.9,803.7,216441
2020-07-13,811,813,798.7,803,198350
2020-07-14,799.5,805.2,792.3,804.2,192988
2020-07-15,815,822,812.5,817,172911
2020-07-16,814.1,817.4,810,816,96189
2020-07-17,811,813.4,805.4,807.9,162893
2020-07-20,804.9,806,795.5,796.5,137102
2020-07-21,799,805,793.5,805,155450
2020-07-22,804,805.4,791,792,146210
2020-07-23,793.5,798.5,787.6,797.1,175591
2020-07-24,792.6,793.3,759,765,234252
2020-07-27,746,747,711.6,711.6,255235
2020-07-28,715,748.3,715,741.7,322020
2020-07-29,728,733,698.3,720.7,354161
2020-07-30,726.3,740.9,723.9,730.2,345555
2020-07-31,718,735.5,710.2,725,344925
2020-08-03,732,745.9,730.5,742,234799
2020-08-04,758,762,751.1,762,234993
2020-08-05,758.7,779.9,756.7,777.5,230438
2020-08-06,777.6,786.8,768.4,776,262783
2020-08-07,773,783.5,772,780.6,263978
2020-08-10,787.2,794.5,782.4,782.4,178671
2020-08-11,787.9,788.9,778.6,787,209054
2020-08-12,783,791,782.5,791,174045
2020-08-13,793.8,799.6,792.1,798.3,144356
2020-08-14,798.7,803.4,788.4,793.5,188374
2020-08-17,792.7,796,781.6,792.5,195848
2020-08-18,794,795,785,788,195165
2020-08-19,788.8,794.1,786.1,793,137310
2020-08-20,789.6,793.1,781.2,785,147705
2020-08-21,785.2,792.9,782.9,792.9,145073
2020-08-24,801.1,815.5,801.1,815.5,141150
2020-08-25,824,824.5,813,813,178048
2020-08-26,812.5,819,811.3,813.2,158386
2020-08-27,813,819,812.5,819,126461
2020-08-28,822.3,831.4,822.3,823,143347
2020-08-31,829,830.5,821.5,824.1,140217
2020-09-01,821.7,838,821,837.4,143785
2020-09-03,847.4,850,836.6,850,172267
2020-09-04,838.6,846.6,836.6,844.8,171193
2020-09-07,848,848,821.7,821.7,164502
2020-09-08,824.8,830.9,817.7,829.5,215574
2020-09-09,819,831.2,814.9,830,223531
2020-09-10,831.4,836.5,823.5,823.5,157280
2020-09-11,825,830.2,821.2,827.9,141856
2020-09-14,832.1,836.5,830.9,834,100334
2020-09-15,834,835.9,832,833,74780
2020-09-16,832.1,834.6,831.6,834.6,56137
2020-09-17,833.3,836.6,827.1,831,70142
2020-09-18,834.9,848,833.4,846.3,111328
2020-09-21,846.2,856.8,845.8,848,130603
2020-09-22,846.3,853.5,845.1,850,134879
2020-09-23,854.3,858.7,851,854.1,132366
2020-09-24,850,854.2,847.6,853.1,110306
2020-09-25,856,856.9,848.5,854.9,100626
2020-09-28,858.2,862.9,856.1,862.9,92142
2020-09-29,865,868.2,854.1,854.1,121353
2020-09-30,855,860.3,851.3,859.8,158810
2020-10-01,864,867,861.7,867,114067
2020-10-02,865.6,867.5,854,861.5,132045
2020-10-05,866.8,869.8,864,868.8,89923
2020-10-06,871.8,872,864,867.7,120138
2020-10-07,867.2,873,866.6,867,109263
2020-10-08,869,869.4,864.5,868.7,106731
2020-10-09,869.3,871.7,868.1,871.6,79669
2020-10-12,875,878.8,873,875,90602
2020-10-13,874,876.9,872.5,876.4,72574
2020-10-14,876.6,894.8,876.6,894.8,93254
2020-10-15,898,903,893.1,899.2,95986
2020-10-16,893,898,888.6,895.1,137000
2020-10-19,898,903.4,896.5,903.4,95455
2020-10-20,900.5,911.2,899.6,911.2,108100
2020-10-21,913.8,918.4,906,908.5,122699
2020-10-22,906.5,924,903.8,924,122931
2020-10-23,927,937.3,925.4,935,125668
2020-10-26,935.9,949.5,927,927,127361
2020-10-27,926.9,931.9,916.7,920,178135
2020-10-28,921.3,921.9,894.2,895.9,179579
2020-10-29,892,899.5,879.5,887.5,215546
2020-10-30,891,896.6,875.1,896.6,215946
2020-11-02,900.1,907,895.4,904,134228
2020-11-03,909,910.9,903.3,908.3,117427
2020-11-04,908.3,918.3,906.6,912.3,125832
2020-11-05,914.4,920,909.5,910.2,131648
2020-11-06,911.2,912.8,903.2,908.3,112103
2020-11-09,914,923,913.8,923,98304
2020-11-10,934.5,935.4,921,921,130274
2020-11-11,922.5,923,912,921.4,140162
2020-11-12,921,928,920.6,927.9,106758
2020-11-13,927.1,936,926.5,935.9,90068
2020-11-16,941,942.6,916,916.9,183716
2020-11-17,918,938,918,938,124391
2020-11-18,938,942.5,930.1,936,146005
2020-11-19,935.9,946.3,935.4,944.2,82732
2020-11-20,950.1,954,944.4,952.4,90552
2020-11-23,952.9,961,948.4,959.4,106812
2020-11-24,960.9,965.4,952.1,964,153972
2020-11-25,966.2,970,960,960,127581
2020-11-26,959.9,975.9,958.2,970.2,114082
2020-11-27,970.2,975.9,967.2,974.5,90902
2020-11-30,975.5,975.6,966,966,92465
2020-12-01,960.5,981,959.6,980.3,114299
2020-12-02,979.5,986,979,979,99864
2020-12-03,980.1,989,980,988,86101
2020-12-04,989.2,992.7,983,987,96277
2020-12-07,989.5,996.2,986.2,994.5,80839
2020-12-08,994.4,997.3,990,993,97422
2020-12-09,995,1008,995,1008,93382
2020-12-10,1007.5,1010.5,997.3,1002,110228
2020-12-11,1003,1009.4,998.6,1008.1,97171
2020-12-14,1012.1,1026,1012.1,1026,90407
2020-12-15,1026.5,1027.5,1010.5,1014.7,123512
2020-12-16,1018.6,1029.9,1017.6,1028,132991
2020-12-17,1025,1027.4,1011.6,1016.3,144728
2020-12-18,1026,1044.5,1025,1043.5,120418
2020-12-21,1043.2,1059.8,1042.6,1057,134380
2020-12-22,1057,1063.1,1050.7,1060.3,150716
2020-12-23,1063,1067.6,1051,1055,136370
2020-12-24,1058.5,1060.7,1026.3,1042.6,230996
2020-12-25,1045,1064.9,1034,1064.9,158420
2020-12-28,1069.5,1073.8,1056.6,1066,164755
2020-12-29,1066,1073,1063.3,1067.1,116122
2020-12-30,1066,1079.1,1064.5,1070.1,129572
2020-12-31,1072.4,1083.9,1068.9,1083.9,138170
2021-01-04,1091,1115,1090.2,1109.4,116484
2021-01-05,1106.5,1115.7,1100.1,1111,151856
2021-01-06,1116.5,1132.5,1114.1,1125,163112
2021-01-07,1134.8,1148.9,1124.2,1148.9,172555
2021-01-08,1146.7,1176.6,1146,1176.6,191787
2021-01-11,1180.9,1196.8,1177.2,1193.1,123682
2021-01-12,1197.9,1198,1184.2,1191.9,159585
2021-01-13,1195,1201.6,1179,1192,150208
2021-01-14,1190.8,1195.6,1182,1188.9,157233
2021-01-15,1191.3,1194.9,1188.1,1190.5,94376
2021-01-18,1193.1,1194.1,1177,1177,91660
2021-01-19,1178,1179,1094.7,1104.8,220843
2021-01-20,1110,1125,1067.3,1125,247726
2021-01-21,1128.8,1151.5,1113,1150.7,148284
2021-01-22,1183,1189.2,1168.1,1173.5,186904
2021-01-25,1172,1178.4,1166.4,1173.1,133912
2021-01-26,1171.8,1173.3,1115,1133,242403
2021-01-27,1127.5,1134.8,1078,1082.2,285857
2021-01-28,1050,1050,1006.5,1006.5,154602
2021-01-29,974,1076.9,966.3,1076.9,250006
2021-02-01,1065,1075.8,1030,1030,239917
2021-02-02,1039,1098.6,1031,1092,237857
2021-02-03,1100.2,1143,1097,1124.9,211524
2021-02-04,1126.6,1134,1106.2,1115,274032
2021-02-05,1125,1146,1122.2,1139.9,165836
2021-02-08,1138.2,1139.5,1075,1092,260500
2021-02-09,1100,1142.9,1095,1130.3,203704
2021-02-17,1140.5,1176.6,1140.1,1176.6,117832
2021-02-18,1183,1187.3,1166.6,1187.3,120131
2021-02-19,1176,1193.3,1168.9,1178,168285
2021-02-22,1182.4,1199.8,1169.1,1173.1,183570
2021-02-23,1178.1,1197.9,1176.2,1186.4,214381
2021-02-24,1191.3,1199.8,1148.2,1162,208243
2021-02-25,1177,1182,1159.7,1182,207220
2021-02-26,1161.8,1179.9,1146.1,1174,200027
2021-03-01,1183.5,1194,1182.4,1193,104843
2021-03-02,1198.1,1201.5,1186,1194,137512
2021-03-03,1192.2,1200.5,1190.2,1199.5,125104
2021-03-04,1195.9,1200.7,1165,1181.3,186086
2021-03-05,1168.9,1175.4,1159.7,1169,169038
2021-03-08,1180.6,1183.4,1160.6,1165,157416
2021-03-09,1165.1,1171,1149,1158.5,190726
2021-03-10,1161.9,1178.9,1156.2,1178.9,175676
2021-03-11,1185,1194.3,1184.1,1191.3,126937
2021-03-12,1192.9,1194.2,1183.5,1190,118929
2021-03-15,1189,1192,1186.6,1188.8,79779
2021-03-16,1191.1,1191.5,1180.1,1186.2,98266
2021-03-17,1184.1,1197.8,1182.7,1197.8,116835
2021-03-18,1204.1,1212,1203,1211.5,83601
2021-03-19,1203.9,1210.5,1199.2,1208,114105
2021-03-22,1207.6,1209.9,1192.4,1192.4,127426
2021-03-23,1195.7,1195.9,1179.9,1184.5,138578
2021-03-24,1178.5,1179,1155,1170.9,162190
2021-03-25,1172,1177.9,1158.1,1162,209777
2021-03-26,1164.2,1175,1143.8,1173,225707
2021-03-29,1176.8,1187,1166.6,1183,166664
2021-03-30,1182.8,1194.4,1179.1,1191.2,130595
2021-03-31,1192.5,1199.9,1189,1191.9,154028
2021-04-01,1193,1237,1191.8,1235.5,158449
2021-04-02,1241,1249,1232.5,1234,135248
2021-04-05,1241,1258.6,1239.5,1257,140627
2021-04-06,1256.8,1259,1246,1252.1,159608
2021-04-07,1249.5,1256.6,1247.6,1252,101647
2021-04-08,1253.1,1258.9,1241,1243.2,125107
2021-04-09,1244.8,1253.9,1238.5,1251.9,113707
2021-04-12,1260,1281.9,1257.1,1274.6,123106
2021-04-13,1280.2,1296.1,1267,1271,190747
2021-04-14,1268,1293,1265.5,1292,177208
2021-04-15,1294.8,1298.9,1282.5,1283.9,154811
2021-04-16,1283.5,1285.5,1256.1,1273.5,204021
2021-04-19,1276,1312,1271.6,1312,185665
2021-04-20,1316,1334,1282.1,1300,280266
2021-04-22,1301,1312.8,1261.2,1261.2,247552
2021-04-23,1260.9,1296.7,1249.1,1296.7,272343
2021-04-26,1297,1306.4,1249.7,1254,265871
2021-04-27,1253,1277.8,1253,1265,253877
2021-04-28,1268,1288.7,1261,1275,222974
2021-04-29,1285,1305,1282.2,1301,193860
2021-05-04,1278,1327.1,1273.2,1320,193972
2021-05-05,1323.2,1352.7,1320.1,1335.9,224033
2021-05-06,1340.6,1343.9,1327.1,1336.5,253034
2021-05-07,1336.2,1339.8,1314,1323.8,209572
2021-05-10,1323.2,1375,1322.8,1375,189654
2021-05-11,1373.5,1385,1348.3,1350.1,274860
2021-05-12,1347.5,1384,1338.4,1382.1,302367
2021-05-13,1376,1383.7,1360.1,1363.9,273637
2021-05-14,1372.2,1391.7,1369,1374,248354
2021-05-17,1382.1,1388.3,1365,1367,189026
2021-05-18,1371.9,1379.6,1360.6,1375,212394
2021-05-19,1373.3,1407.4,1373.1,1404.9,181066
2021-05-20,1407.1,1425,1397.1,1425,149062
2021-05-21,1412.4,1423,1406.4,1414,194846
2021-05-24,1415,1428.5,1414.2,1426,166655
2021-05-25,1427,1443.3,1423.5,1438,143103
2021-05-26,1439,1453,1436.7,1453,169576
2021-05-27,1453,1456,1430,1430,173927
2021-05-28,1434.2,1464.8,1433.6,1462.5,176803
2021-05-31,1459.9,1480.8,1443,1479.5,211791
2021-06-01,1485,1497.4,1475.7,1487.6,166167
2021-06-02,1487.5,1494.4,1468,1481.8,212421
2021-06-03,1486.5,1507.5,1483.1,1504,181274
2021-06-04,1504.6,1510.9,1495.5,1505.9,185937
2021-06-07,1507,1509.2,1473,1485,195761
2021-06-08,1488.1,1498.4,1400,1429.9,266105
2021-06-09,1439.9,1473.8,1426,1459,301935
2021-06-10,1460.9,1470,1438,1453,344106
2021-06-11,1458.9,1494.9,1456.2,1493.2,231157
2021-06-14,1494.2,1509.3,1485.2,1497.5,202777
2021-06-15,1498.1,1505.8,1486.1,1491,244831
2021-06-16,1490.7,1494.3,1461.5,1468.9,252886
2021-06-17,1462,1472.8,1452,1463.9,179293
2021-06-18,1470,1491.7,1469,1485,212425
2021-06-21,1476,1487,1471,1474.1,199586
2021-06-22,1484.8,1500.9,1483.2,1490.4,151809
2021-06-23,1492.5,1504.1,1484,1490.4,207102
2021-06-24,1497.6,1503,1478,1488,205558
2021-06-25,1496.5,1505,1484,1505,187228
2021-06-28,1509.1,1525.5,1507.5,1523.8,146579
2021-06-29,1524.1,1535.4,1522.3,1533.9,167492
2021-06-30,1534.1,1542.9,1528,1529.2,166164
2021-07-01,1532,1549,1525.5,1549,192481
2021-07-02,1551,1558,1547,1556.1,181560
2021-07-05,1560,1568,1533.4,1568,220816
2021-07-06,1566,1569.3,1501,1501,209651
2021-07-07,1515,1536.9,1492,1535,293790
2021-07-08,1532.5,1538,1500,1513,304982
2021-07-09,1509,1530,1480,1497,304132
2021-07-12,1503,1503.8,1401,1443.9,398800
2021-07-13,1442,1458.8,1416,1446.9,355237
2021-07-14,1448.5,1451,1395.3,1409,321671
2021-07-15,1410.8,1440.1,1403,1431.8,246696
2021-07-16,1435.1,1449,1434.2,1440,252074
2021-07-19,1414.8,1415,1366.6,1368,308084
2021-07-20,1374,1409.4,1358.1,1405,358331
2021-07-21,1411,1417.7,1395,1402,266534
2021-07-22,1404.6,1437,1402,1427.1,243782
2021-07-23,1424.8,1430.5,1401,1401,339320
2021-07-26,1399.9,1417,1383,1408.1,314541
2021-07-27,1413,1426,1405.1,1405.3,295627
2021-07-28,1405.1,1418,1400,1407.8,315029
2021-07-29,1416,1431.1,1414,1431.1,266397
2021-07-30,1430.6,1446.6,1427.2,1445,235586
2021-08-02,1446.6,1458.1,1442.3,1447.9,216811
2021-08-03,1449.7,1475,1447.1,1475,308827
2021-08-04,1473,1481,1461.6,1470.9,253070
2021-08-05,1468,1491.4,1466.1,1487.1,249598
2021-08-06,1487.3,1491.2,1471.5,1472.9,216366
2021-08-09,1469.9,1503.5,1468,1500.5,198106
2021-08-10,1501.2,1507.5,1485.5,1494.1,274461
2021-08-11,1496,1505.5,1486,1486,244986
2021-08-12,1486.9,1493,1472.4,1477.1,274294
2021-08-13,1480,1485,1463.3,1485,271182
2021-08-16,1485.2,1504.1,1485.2,1503,171376
2021-08-17,1507.8,1508.5,1487.5,1493,211704
2021-08-18,1495,1505.2,1485.1,1490.9,233286
2021-08-19,1493,1502.9,1484.3,1500,182275
2021-08-20,1492.8,1493.2,1425,1445,291240
2021-08-23,1444.4,1447.7,1408.1,1411.2,355898
2021-08-24,1415,1427.7,1407,1415.1,320767
2021-08-25,1417.8,1432,1410,1431.5,278294
2021-08-26,1430.4,1432,1402.1,1406.7,243290
2021-08-27,1409.5,1422.9,1390,1420,354844
2021-08-30,1423,1435.3,1422.5,1432.9,196331
2021-08-31,1433.1,1434.5,1421,1427,192383
2021-09-01,1427.1,1435,1422.6,1428.6,212896
2021-09-06,1433.8,1445,1431,1444.6,148530
2021-09-07,1445.2,1449.8,1436,1441,170759
2021-09-08,1441.7,1442,1427.6,1431.1,192479
2021-09-09,1430.7,1446,1429.8,1446,159355
2021-09-10,1447.2,1453.3,1442.3,1447.1,153049
2021-09-13,1445.3,1448.8,1437.1,1442,136105
2021-09-14,1441,1445.2,1434.5,1436.5,134355
2021-09-15,1437.5,1451,1434.8,1447.5,134646
2021-09-16,1447.9,1453.8,1445.7,1449.8,106700
2021-09-17,1444.3,1457.8,1443.3,1456.8,134748
2021-09-20,1460,1467,1452,1452,144551
2021-09-21,1446,1447.4,1425.4,1440,228417
2021-09-22,1441.4,1443.9,1433.6,1440.8,161234
2021-09-23,1447.8,1455.5,1445.5,1450,143800
2021-09-24,1454.6,1456,1446.1,1449.9,142418
2021-09-27,1452.3,1454.4,1434,1434,132944
2021-09-28,1430,1454.4,1429.5,1454.4,163465
2021-09-29,1449.1,1452.5,1433.4,1449.2,236111
2021-09-30,1451,1458.5,1448,1452,183857
2021-10-01,1441,1446.5,1436,1441,180114
2021-10-04,1441,1444.8,1434,1440.3,137078
2021-10-05,1437.9,1449.8,1437.6,1449,117088
2021-10-06,1451.2,1453.5,1447.1,1452,105801
2021-10-07,1457.4,1459.5,1452.8,1454.8,94624
2021-10-08,1458,1477,1457.4,1474.5,118668
2021-10-11,1475.5,1514.8,1475.5,1513.5,132442
2021-10-12,1513.5,1514,1499.5,1510,161659
2021-10-13,1513,1522.6,1502.1,1503.1,175902
2021-10-14,1508.5,1514.9,1500,1505.9,179589
2021-10-15,1510,1516.7,1500.3,1504.5,148017
2021-10-18,1505.1,1522,1505.1,1510.5,148905
2021-10-19,1511.1,1513.5,1503.1,1510.6,151954
2021-10-20,1513,1517.5,1451,1504,166752
2021-10-21,1507.2,1509.5,1489,1489,135082
2021-10-22,1495.2,1496.9,1485.3,1492,119964
2021-10-25,1495,1495,1478,1478,132334
2021-10-26,1477,1489.1,1468.2,1489,151082
2021-10-27,1488.3,1526.5,1487.5,1523.3,157322
2021-10-28,1523.3,1535.9,1517.2,1532.3,150253
2021-10-29,1532,1540,1526.5,1533.7,151803
2021-11-01,1535,1535.7,1518.1,1522.7,124238
2021-11-02,1522,1528.7,1518.6,1524.1,120853
2021-11-03,1524.4,1538.3,1520.1,1528.5,174162
2021-11-04,1530.5,1535.2,1523.1,1529.8,142712
2021-11-05,1529.3,1539.6,1526.5,1535.1,99948
2021-11-08,1537.6,1545.5,1533.6,1537.7,112026
2021-11-09,1538,1539,1520.5,1525.5,131279
2021-11-10,1525,1534.9,1518.6,1529.3,114035
2021-11-11,1527.6,1530,1506,1513,184754
2021-11-12,1514.6,1532,1505.1,1530.7,149193
2021-11-15,1533,1536.6,1521.4,1527.8,118479
2021-11-16,1527.8,1529.5,1514.6,1517.3,153589
2021-11-17,1516.1,1523.3,1514.2,1520.4,104400
2021-11-18,1521.9,1522.3,1504.1,1504.1,99965
2021-11-19,1505.8,1523.2,1488,1502.5,159956
2021-11-22,1503.6,1521.9,1498.4,1512.5,151792
2021-11-23,1512.6,1528.9,1509,1528.9,109728
2021-11-24,1533.5,1565,1529.6,1562.1,150549
2021-11-25,1564.5,1575,1561.5,1566.6,124797
2021-11-26,1564.6,1577,1553,1556.7,144438
2021-11-29,1548,1552,1536.2,1551.9,154630
2021-11-30,1556,1563.7,1533.3,1537.1,169222
2021-12-01,1536.9,1553.9,1530.3,1553.9,164930
2021-12-02,1549.9,1554.4,1539.6,1540,137071
2021-12-03,1545,1547.9,1509,1509,155487
2021-12-06,1508.1,1513.5,1466.1,1480.2,202912
2021-12-07,1490,1512,1487,1512,166399
2021-12-08,1515.7,1518.4,1508,1511,152650
2021-12-09,1512.8,1533,1510,1532,128284
2021-12-10,1531,1532.5,1512.5,1520.5,164139
2021-12-13,1526.9,1527.4,1516.1,1525.9,119311
2021-12-14,1523.9,1530,1513.2,1518.5,149559
2021-12-15,1518.5,1527.5,1514.1,1520.1,125529
2021-12-16,1525.5,1527,1460.2,1510,124612
2021-12-17,1514,1524.9,1512.6,1520,132974
2021-12-20,1512,1517.5,1495.2,1508,135638
2021-12-21,1511,1519.5,1508.9,1512.5,121868
2021-12-22,1515.6,1519.7,1500,1508,132208
2021-12-23,1506.7,1507.8,1475.1,1488.2,195699
2021-12-24,1488,1512,1484.2,1509,143620
2021-12-27,1513.5,1518.8,1501.3,1516,125770
2021-12-28,1518,1524.5,1509.5,1520.2,142193
2021-12-29,1522,1526.4,1517,1519,104588
2021-12-30,1518.9,1533.5,1518.2,1525.5,102713
2021-12-31,1527.9,1542,1527.3,1537,112972
2022-01-04,1544.9,1563,1542.9,1558.5,82662
2022-01-05,1557.6,1560.5,1548.1,1549,81630
2022-01-06,1544,1557,1543.5,1545.1,94415
2022-01-07,1547.9,1548,1533.1,1539.6,109279
2022-01-10,1540,1540.3,1513.1,1513.1,107307
2022-01-11,1515,1518.7,1499.5,1503.6,129109
2022-01-12,1500.1,1528.9,1486.1,1528.9,177369
2022-01-13,1530.1,1541.9,1522.4,1525.7,151811
2022-01-14,1519.5,1532.3,1515,1520.1,142052
2022-01-17,1522.9,1525.4,1478.2,1480,178669
2022-01-18,1475,1489.9,1466.2,1482.5,172531
2022-01-19,1482.9,1496.5,1476.5,1482,164016
2022-01-20,1483.8,1495.8,1480.1,1492.6,110419
2022-01-21,1493,1503.8,1490.8,1498.9,126276
2022-01-24,1496,1496,1466,1468.2,158883
2022-01-25,1468.7,1503.9,1465.2,1503.9,208041
2022-01-26,1510,1525,1509,1519,159574
2022-01-27,1513.3,1516.5,1498.5,1512,140195
2022-01-28,1518.2,1534.5,1517.1,1528,146392
2022-02-07,1543.9,1548,1530,1532.8,83370
2022-02-08,1532.8,1543.7,1527.4,1535.5,111985
2022-02-09,1540,1555.9,1540,1541,133395
2022-02-10,1544,1544.5,1528.5,1542.5,135635
2022-02-11,1538.9,1545.9,1534.9,1543,123536
2022-02-14,1535.5,1536,1510.1,1510.1,155910
2022-02-15,1511.1,1527.5,1511,1522,135768
2022-02-16,1528,1532.4,1514.5,1521,154199
2022-02-17,1522,1540.2,1521.3,1540.2,132651
2022-02-21,1523.2,1531.5,1521,1530,103489
2022-02-22,1517.9,1519.7,1501.4,1517.5,177125
2022-02-23,1526.1,1535,1524.4,1529.3,116662
2022-02-24,1520,1526.2,1502.5,1514.7,204657
2022-02-25,1526,1529.9,1517,1517,127879
2022-02-28,1511,1518.8,1507.6,1511.2,128545
2022-03-01,1517.8,1518.2,1512.1,1515.6,107865
2022-03-02,1512,1513,1495.8,1502,173354
2022-03-03,1508.5,1517.5,1502.8,1517.5,139237
2022-03-04,1514.8,1517.5,1510,1513,117730
2022-03-07,1496,1507.8,1496,1504.2,121171
2022-03-08,1498.7,1499.4,1484.2,1490.3,147557
2022-03-09,1494,1495.8,1486.2,1490.8,132245
2022-03-10,1500.5,1501.9,1490,1490,110620
2022-03-11,1486.7,1487.5,1471.1,1476,154986
2022-03-14,1475.2,1476,1456,1463.4,157699
2022-03-15,1462.1,1469.7,1457.9,1464.5,146815
2022-03-16,1471,1475.1,1465.2,1471.8,119620
2022-03-17,1477.5,1478.8,1468,1472.2,113309
2022-03-21,1479.7,1496.1,1479.1,1494.9,109890
2022-03-22,1498.1,1505.5,1494,1500,116675
2022-03-23,1502.7,1510.2,1494.8,1497.2,135207
2022-03-24,1495.5,1499.5,1491,1494,123052
2022-03-25,1497.1,1497.1,1488,1494,118347
2022-03-28,1489.1,1490.8,1475.5,1483.5,122542
2022-03-29,1485.5,1493.5,1484.5,1493.4,100343
2022-03-30,1489.4,1503.9,1486.1,1489.8,165435
2022-03-31,1492,1499.4,1490,1496,92519
2022-04-01,1493,1528,1492.2,1525,157870
2022-04-04,1529.4,1537.3,1526.6,1528.4,103234
2022-04-05,1526.9,1532.7,1523.5,1525.3,105702
2022-04-06,1519,1550.6,1517.8,1540.3,189989
2022-04-07,1543,1544.5,1529.4,1529.8,145311
2022-04-08,1528.4,1535.3,1523.9,1523.9,135137
2022-04-12,1525.9,1526.6,1507.2,1509.4,168130
2022-04-13,1511.4,1521.2,1511.3,1519.7,133661
2022-04-14,1522.2,1524.6,1509,1512.5,128856
2022-04-15,1511.8,1517.4,1492.6,1492.6,168960
2022-04-18,1494.8,1494.8,1473.1,1479,2584
2022-04-19,1479,1484,1455,1457.8,12304
2022-04-20,1462,1462,1433,1439,14907
2022-04-21,1444.9,1455.7,1432,1450,26273
2022-04-22,1442.3,1459.8,1434.7,1445,226792
2022-04-25,1442.9,1445.6,1345.3,1353.1,283121
2022-04-26,1356.1,1393.2,1327.1,1391,393901
2022-04-27,1379,1406,1358.1,1401,311802
2022-04-28,1399.7,1406.7,1388,1392,256204
2022-04-29,1395,1421.6,1389.6,1409,247602
2022-05-04,1408.3,1410,1383,1383,212170
2022-05-05,1392,1403.6,1372.6,1402.5,231376
2022-05-06,1382,1396.3,1358.8,1362,301422
2022-05-09,1353.7,1355.8,1300,1308.1,328581
2022-05-10,1299.8,1340.9,1291.1,1335,361688
2022-05-11,1335,1349,1318.2,1337,297741
2022-05-12,1334,1334,1262,1270,346875
2022-05-13,1272,1288.1,1214.7,1225,438129
2022-05-16,1240,1261.9,1212,1212,354554
2022-05-17,1220,1283,1204.3,1280.9,364556
2022-05-18,1280.9,1304.8,1265.3,1281,411644
2022-05-19,1255,1292.9,1251.7,1283,309742
2022-05-20,1283,1299.2,1259.8,1276.8,317137
2022-05-23,1289,1289,1238.1,1253.1,324795
2022-05-24,1253,1271.1,1234,1267,389720
2022-05-25,1275,1306,1268.5,1299.3,318793
2022-05-26,1302,1310.5,1292.1,1300.9,279405
2022-05-27,1306.1,1328.8,1305.1,1322.5,255713
2022-05-30,1329.7,1331,1319.6,1325.6,204143
2022-05-31,1326.2,1326.8,1310.5,1320.5,225070
2022-06-01,1318.5,1337.5,1316,1326,326533
2022-06-02,1311,1330,1311,1315,253099
2022-06-03,1318,1323.9,1305.6,1318.5,233565
2022-06-06,1320.7,1332,1315,1315,224785
2022-06-07,1315,1315.5,1293.3,1315,278664
2022-06-08,1321,1342,1319.8,1333,267430
2022-06-09,1332.4,1339,1327,1335.3,264559
2022-06-10,1328,1333.8,1311.1,1311.1,232693
2022-06-13,1284,1289.9,1257.4,1260.2,332829
2022-06-14,1254.8,1272.5,1250,1268.3,353777
2022-06-15,1268,1270.5,1235.3,1251.3,357051
2022-06-16,1261,1286.5,1260.7,1286,284892
2022-06-17,1247.5,1249,1215.2,1245.2,455234
2022-06-20,1244.8,1249.4,1212,1212,405214
2022-06-21,1216.8,1240,1210.5,1228,504864
2022-06-22,1233.7,1240.9,1216,1216,404908
2022-06-23,1222,1230.3,1216.3,1227.8,337136
2022-06-24,1236,1237.9,1226,1227,244016
2022-06-27,1236,1247.9,1234,1247.9,219072
2022-06-28,1246,1266.5,1242.7,1261,259004
2022-06-29,1255,1262.9,1251.1,1260.5,290695
2022-06-30,1262,1264.8,1240.1,1240.1,256951
2022-07-01,1241,1243.5,1221.5,1242,332852
2022-07-04,1247,1252.1,1238.1,1242,245644
2022-07-05,1248.3,1251.9,1234,1234.9,332002
2022-07-06,1234.8,1234.8,1213.4,1218,399286
2022-07-07,1215.7,1226.2,1213,1225,319536
2022-07-08,1230.5,1231.8,1223.5,1225,210770
2022-07-11,1221,1221.8,1197.1,1200.7,228673
2022-07-12,1202,1216,1201.9,1213.5,224734
2022-07-13,1215,1220.1,1209.5,1210,251969
2022-07-14,1206.8,1217.9,1204.4,1215.7,242699
2022-07-15,1219,1221.8,1209.2,1210.1,220851
2022-07-18,1218.2,1221,1212.2,1215.4,179182
2022-07-19,1213.9,1216.4,1208.1,1213,196947
2022-07-20,1223.5,1230.8,1221.4,1226.1,189723
2022-07-21,1225.3,1242,1225.2,1234.1,203851
2022-07-22,1230.5,1234,1223.3,1225.6,206418
2022-07-25,1221.9,1224.7,1217.2,1221.9,187113
2022-07-26,1222.1,1225.5,1217.3,1218.9,154394
2022-07-27,1216,1223,1213,1223,163202
2022-07-28,1228.8,1237.3,1228.3,1231.6,164382
2022-07-29,1236.8,1236.9,1229.1,1230.7,167089
2022-08-01,1232.1,1246,1231,1244.4,201273
2022-08-02,1244.7,1249.4,1238.3,1245.9,185715
2022-08-03,1245.4,1252.9,1242,1250,220995
2022-08-04,1256,1260,1252.2,1257.5,194731
2022-08-05,1259,1264.5,1254.7,1264.5,177460
2022-08-08,1263.5,1267.8,1261.3,1266,136604
2022-08-09,1264.5,1275.8,1264.1,1272.7,195809
2022-08-10,1271,1273.8,1268.6,1270.6,139226
2022-08-11,1282.7,1288,1268,1268,201773
2022-08-12,1268,1280.1,1266.2,1280.1,169296
2022-08-15,1285.2,1294.5,1284.7,1293,183149
2022-08-16,1296.7,1297.5,1291.4,1296.9,181175
2022-08-17,1299.8,1311.2,1298.5,1309,186828
2022-08-18,1306.9,1312.9,1304.6,1304.8,161249
2022-08-19,1292.1,1292.1,1276.1,1281,191773
2022-08-22,1275,1278.9,1270.3,1271,182989
2022-08-23,1265.7,1283.1,1264.4,1283.1,186697
2022-08-24,1282,1287.8,1278.4,1285.2,189828
2022-08-25,1287,1304.3,1286.9,1303,186414
2022-08-26,1305.2,1305.9,1290,1293,216003
2022-08-29,1270.9,1286,1264.7,1286,236496
2022-08-30,1288.7,1295.7,1280.3,1287,248903
2022-08-31,1282,1298.5,1277.6,1293.9,260355
2022-09-05,1294,1298.5,1282.5,1286,237070
2022-09-06,1287.5,1295.9,1286.6,1290,230645
2022-09-07,1283,1286.8,1265,1265,251300
2022-09-08,1269.5,1275.6,1263.4,1264.1,297182
2022-09-09,1269,1275,1259.2,1275,251090
2022-09-12,1281,1283.2,1275.1,1276.8,153315
2022-09-13,1278.3,1278.8,1272,1272,147214
2022-09-14,1252,1262,1248,1259,194063
2022-09-15,1261,1263.5,1256.6,1262.2,147137
2022-09-16,1254.1,1254.3,1233.2,1237,175111
2022-09-19,1239,1239,1218,1223.5,263820
2022-09-20,1228,1235.4,1221.6,1232.7,228800
2022-09-21,1228,1229,1213.5,1219.6,297328
2022-09-22,1208,1225,1203.7,1225,266297
2022-09-23,1221.9,1223,1204,1210,281222
2022-09-26,1199,1199,1173.6,1192,312371
2022-09-27,1190.7,1196.3,1183,1185,300289
2022-09-28,1173.5,1178,1160.9,1165,349877
2022-09-29,1176.9,1176.9,1148,1148,271924
2022-09-30,1143.9,1164.7,1136.4,1150,340512
2022-10-03,1145,1147,1096.8,1102.6,380554
2022-10-04,1113.5,1125,1093.9,1102,412460
2022-10-05,1114,1134.4,1113.3,1115.2,371725
2022-10-06,1118.5,1119.4,1080,1080,415369
2022-10-07,1065,1072,1025,1032.2,446339
2022-10-10,1010.1,1050,1006.1,1032.5,424593
2022-10-11,1024,1027.6,979.7,989,434143
2022-10-12,996.7,1038.9,995,1025.1,419387
2022-10-13,1027.5,1039.6,1004.6,1039.6,499633
2022-10-14,1060,1067,1043.7,1048,300190
2022-10-17,1036,1050,1017.4,1050,308351
2022-10-18,1055.1,1069.8,1048.9,1057.9,352172
2022-10-19,1058.7,1059.5,1045.5,1053,331477
2022-10-20,1045.2,1059.7,1039.7,1058,280262
2022-10-21,1038.6,1038.8,981.6,985,417973
2022-10-24,995.5,996,930.2,942,462554
2022-10-25,940,985,932.1,961,644884
2022-10-26,970,976.6,954.4,967.5,469459
2022-10-27,975.5,1025,972.1,1025,474823
2022-10-28,1027.2,1036.9,1013.6,1016,445015
2022-10-31,1023.8,1027.9,984.3,1024,481272
2022-11-01,1030.1,1047,1018,1018,478966
2022-11-02,1015.1,1028.8,1003,1021,487889
2022-11-03,1011,1024,1001.1,1001.1,393434
2022-11-04,995.2,996.2,958.1,980,491068
2022-11-07,980.2,991,950,950,429399
2022-11-08,945.1,985.5,935,972.1,435319
2022-11-09,976.9,988,955.5,959,410520
2022-11-10,951,959.6,905.4,912.8,469249
2022-11-11,934.1,959.8,930.5,938,533652
2022-11-14,934,938,912.7,932,592403
2022-11-15,926,926.9,884.6,895,533665
2022-11-16,876.1,957.6,860.6,957.6,566744
2022-11-17,953,973.8,950.2,972.5,291529
2022-11-18,960.1,975.5,938.5,963,525965
2022-11-21,969.3,971,938.2,938.2,443488
2022-11-22,933,990,926,926,588279
2022-11-23,933,948,915.8,924.1,541427
2022-11-24,921,939.8,918,938.9,445450
2022-11-25,946.5,969,945.3,969,363721
2022-11-28,975,1008,972.4,993.7,381565
2022-11-29,992.3,1015.5,986.6,1015.5,411056
2022-11-30,1020,1031.3,1009.7,1027.9,403846
2022-12-01,1041,1059.8,1029,1029,415110
2022-12-02,1029,1101,1025,1101,430013
2022-12-05,1108,1128,1086.7,1104,472192
2022-12-06,1103,1103,1046,1046,477035
2022-12-07,1040,1062.2,1034.1,1053.3,503186
2022-12-08,1052.8,1105.5,1051.5,1055,536826
2022-12-09,1058.8,1084,1046.1,1070,566948
2022-12-12,1070,1074.3,1035.2,1035.2,405984
2022-12-13,1039.4,1058,1026,1058,440942
2022-12-14,1068,1071.3,1048.5,1059.6,382549
2022-12-15,1059.4,1079,1056.6,1065.1,278784
2022-12-16,1059.2,1076,1053.8,1060,298058
2022-12-19,1053.3,1076,1045,1045,294376
2022-12-20,1041.5,1044,1006.3,1027,414837
2022-12-21,1030,1039,1009,1037,407905
2022-12-22,1043.5,1045.6,1026,1037.7,363417
2022-12-23,1031.1,1045,1016.2,1034.8,364086
2022-12-26,1030.3,1032,986.4,986.4,379662
2022-12-27,990,1011,982.1,1001,410156
2022-12-28,998,1017.9,990.9,1008,382256
2022-12-29,1003,1014.5,993,993,348826
2022-12-30,997.9,1010.3,995.2,1004.5,274298
2023-01-03,999.8,1045.5,999.8,1045.5,318703
2023-01-04,1046.1,1054.2,1038.5,1042.7,341378
2023-01-05,1045,1061,1043.2,1053.8,262657
2023-01-06,1053.5,1068,1046,1051,333870
2023-01-09,1059,1064,1050,1053.6,266210
2023-01-10,1051.1,1062.8,1047.4,1056.6,290594
2023-01-11,1061.9,1073,1060.6,1062.7,260926
2023-01-12,1067,1069.1,1056.2,1065.2,239097
2023-01-13,1071,1075.7,1062.2,1069.1,240686
2023-01-16,1070.7,1075.8,1064.2,1075.2,207203
2023-01-17,1080,1107.4,1078.5,1107,270106
2023-01-18,1103.6,1122.4,1103.6,1117.3,267205
2023-01-19,1114.4,1124,1112.8,1121,220815
2023-01-27,1138.9,1145.8,1122.3,1127,178930
2023-01-30,1125,1129,1109.8,1109.8,209140
2023-01-31,1108.4,1126.9,1097.5,1125,215071
2023-02-01,1129.9,1130.6,1084.5,1088.5,321317
2023-02-02,1090,1101.3,1076.2,1088,353621
2023-02-03,1093.5,1093.5,1080,1081.9,236022
2023-02-06,1078,1095.1,1068.5,1090.6,284739
2023-02-07,1091.1,1093.9,1062.1,1067.3,278669
2023-02-08,1070,1084,1065.5,1072,289877
2023-02-09,1068.6,1077,1057,1057,371900
2023-02-10,1056.9,1059,1044.1,1045,267210
2023-02-13,1042.9,1046,1021.6,1038.6,289504
2023-02-14,1041,1041,1026.1,1030.9,276789
2023-02-15,1031,1051,1027.6,1037,348400
2023-02-16,1041,1053.7,1038.6,1052.3,240686
2023-02-17,1051,1052.6,1040.5,1049,294696
2023-02-20,1050,1091,1049.9,1088,296182
2023-02-21,1089.6,1092.7,1076.1,1076.1,284158
2023-02-22,1064.8,1070.6,1043.8,1043.8,309129
2023-02-23,1045.8,1048,1025,1048,356692
2023-02-24,1045,1047.7,1012.1,1020,329590
2023-02-27,1017.4,1020,1003.1,1011,317053
2023-02-28,1014.5,1022.8,1005.7,1008,306067
2023-03-01,1003.6,1035,998.1,1032,407520
2023-03-02,1031,1036,1020.1,1024,336940
2023-03-03,1028,1032.1,1005.2,1005.2,362071
2023-03-06,1013.6,1036,1010,1010,374052
2023-03-07,1020,1041,1018.6,1027.9,448337
2023-03-08,1017,1038,1013.6,1038,359046
2023-03-09,1042.7,1057.8,1036,1050.7,346144
2023-03-10,1042.9,1049.8,1031.1,1049.8,336515
2023-03-13,1043.5,1054.7,1043,1048,319637
2023-03-14,1043.8,1047.2,1032.6,1037.9,273841
2023-03-15,1051.3,1069,1051.3,1063,313927
2023-03-16,1058,1059.5,1041.1,1043,292482
2023-03-17,1056.3,1057.8,1041.2,1045.1,298289
2023-03-20,1040,1040.1,1017.1,1022.4,291579
2023-03-21,1028,1031.5,1013,1030.5,414086
2023-03-22,1038.1,1041.5,1030.6,1034.5,369992
2023-03-23,1027,1039.9,1027,1038.9,287132
2023-03-24,1041.9,1054,1041.2,1043.1,318363
2023-03-27,1045.5,1052.5,1040.6,1047.3,312228
2023-03-28,1052.6,1060,1050.1,1051.5,307755
2023-03-29,1049.8,1056,1048.5,1056,263448
2023-03-30,1060.9,1067.3,1060.8,1064.5,244450
2023-03-31,1064.5,1075.4,1064.5,1066,306844
2023-04-03,1082,1085,1077,1083,219390
2023-04-04,1085,1085.5,1078.3,1080.2,198225
2023-04-05,1081.8,1084.1,1077.4,1084.1,148406
2023-04-06,1083.8,1086.7,1073,1073,161467
2023-04-07,1076,1076,1068,1075.1,187621
2023-04-10,1075.5,1079.5,1070.6,1072.8,163946
2023-04-11,1070,1078.5,1065.2,1076,222805
2023-04-12,1077.9,1077.9,1071,1075,187451
2023-04-13,1074.5,1075,1069.7,1070,139140
2023-04-14,1072,1074.8,1063.1,1063.1,209116
2023-04-17,1063.5,1064.8,1057.8,1064.5,183715
2023-04-18,1065.4,1065.5,1060.1,1063,159671
2023-04-19,1063,1063.7,1053.3,1055,125340
2023-04-20,1055,1055.4,1048.6,1053.9,149234
2023-04-21,1047.8,1047.8,1040,1040,162134
2023-04-24,1038,1047.4,1036.9,1040.9,205199
2023-04-25,1042,1044.3,1030.5,1030.7,188006
2023-04-26,1028.9,1037.7,1025.6,1037.5,222852
2023-04-27,1036.4,1039.2,1032.4,1035,189036
2023-04-28,1039,1044,1037.3,1042.5,166214
2023-05-04,1041.9,1042.5,1031,1035,160855
2023-05-05,1032.1,1035.9,1030.5,1033.5,167575
2023-05-08,1037.5,1042.5,1036.3,1041.8,139125
2023-05-09,1041.9,1046,1041.1,1042.2,121169
2023-05-10,1043,1052,1042.3,1050.6,147882
2023-05-11,1051.6,1055,1050,1051.6,137394
2023-05-12,1050.2,1064.9,1048.3,1064.9,177605
2023-05-15,1068,1071.8,1065,1066.5,141528
2023-05-16,1068.3,1069.4,1064.3,1067,135694
2023-05-17,1065.8,1074.7,1065,1065,171758
2023-05-18,1067,1076.3,1066.5,1074.2,145136
2023-05-19,1064.9,1064.9,1052.5,1062.5,230092
2023-05-22,1062.9,1068,1060.6,1065.3,154764
2023-05-23,1067.4,1070.8,1055.7,1059.5,177914
2023-05-24,1061.6,1064,1054.5,1056.1,183818
2023-05-25,1054,1059.4,1052.6,1057,164523
2023-05-26,1057.8,1058.9,1054.3,1056.5,121117
2023-05-29,1059.9,1068.5,1059.3,1068,129671
2023-05-30,1069.5,1070.7,1064,1068.2,139764
2023-05-31,1067.8,1068.5,1059,1062.6,132710
2023-06-01,1062,1065,1056.7,1065,151091
2023-06-02,1069.5,1084.8,1068.4,1078.8,212092
2023-06-05,1082.8,1092,1082.5,1087.2,150708
2023-06-06,1085.1,1096.6,1084.1,1096.1,154939
2023-06-07,1099,1100.4,1093.2,1098,157620
2023-06-08,1099.1,1100.4,1089,1089,146445
2023-06-09,1090,1095.3,1086,1095.3,145563
2023-06-12,1098.3,1150,1091.2,1108.3,157940
2023-06-13,1109,1116.5,1106.6,1115.5,172876
2023-06-14,1115.7,1123.7,1112.1,1112.1,184858
2023-06-15,1109.5,1118,1108.2,1109.3,149860
2023-06-16,1104.2,1122.8,1100,1102.6,245434
2023-06-19,1100.1,1104,1094.2,1096.5,187012
2023-06-20,1096,1100,1090.1,1100,161836
2023-06-21,1101.8,1115.5,1095.6,1115.5,194488
2023-06-22,1115,1121,1110.2,1114,180672
2023-06-23,1114.2,1123.5,1112.5,1119.1,214094
2023-06-26,1118,1124.4,1111.7,1123,219408
2023-06-27,1125.5,1125.9,1120.8,1125.2,133742
2023-06-28,1127,1136,1126.5,1132.4,141293
2023-06-29,1132.2,1132.5,1115,1115,190316
2023-06-30,1115.6,1119.9,1114.4,1117.3,152591
2023-07-03,1120.7,1122.2,1115.8,1117.5,130472
2023-07-04,1116,1126.9,1113.5,1123,159070
2023-07-05,1123,1130,1122.7,1124,134799
2023-07-06,1122.5,1124.3,1111.2,1116,163443
2023-07-07,1114,1125,1113.7,1125,152034
2023-07-10,1126,1136.5,1126,1136.5,157129
2023-07-11,1139,1144.5,1136.5,1138,147276
2023-07-12,1139.3,1143.4,1135.2,1141.8,165457
2023-07-13,1146,1155,1145.6,1155,163911
2023-07-14,1158.5,1162.1,1144.4,1162.1,180895
2023-07-17,1160.4,1166.8,1159.2,1161.8,136277
2023-07-18,1162,1165,1157.9,1165,143209
2023-07-19,1168,1170.3,1164.1,1164.1,123483
2023-07-20,1163.9,1165.7,1159,1165.1,123619
2023-07-21,1164.9,1184.9,1162.3,1184.9,136587
2023-07-24,1185,1193.9,1182,1191.4,136184
2023-07-25,1193.2,1198.4,1190.3,1194,158840
2023-07-26,1194,1199,1192.3,1197,117954
2023-07-27,1198,1199.6,1190.1,1193.8,161279
2023-07-28,1191.8,1210,1191.2,1210,190079
2023-07-31,1214,1234.2,1213.7,1234.2,136135
2023-08-01,1235.2,1241.9,1220,1220,169285
2023-08-02,1221,1229,1218,1218,154997
2023-08-03,1216.8,1223.8,1205,1208.4,191841
2023-08-04,1211.8,1235,1211.6,1234.6,195548
2023-08-07,1237.9,1250.2,1235.3,1250.2,190560
2023-08-08,1254.5,1254.9,1241.3,1248,200419
2023-08-09,1248,1248.9,1234,1240,203999
2023-08-10,1238,1242.3,1224.4,1226,234176
2023-08-11,1230,1242.3,1222.3,1239.5,248162
2023-08-14,1242.4,1246,1235.3,1239.1,208826
2023-08-15,1241.8,1241.9,1235.5,1241,148544
2023-08-16,1245.5,1260,1243.3,1255.3,187178
2023-08-17,1252.5,1262,1252.3,1253.5,152666
2023-08-18,1238.1,1240.6,1173,1188,284171
2023-08-21,1185.1,1203,1182,1190.9,297585
2023-08-22,1194,1199.8,1160.9,1196,404474
2023-08-23,1202,1204.6,1173,1180.6,358052
2023-08-24,1183.6,1205.3,1180.2,1198,284347
2023-08-25,1195.1,1199.5,1188,1194.5,264401
2023-08-28,1201.6,1214.4,1198.1,1211,194028
2023-08-29,1213.6,1216.4,1205.1,1211.8,192052
2023-08-30,1214.4,1225.5,1212,1224.2,215449
2023-08-31,1224,1235.5,1223.1,1233,182301
2023-09-05,1237.7,1246.3,1236.5,1242.5,139488
2023-09-06,1240.8,1263,1237.2,1263,198718
2023-09-07,1262.1,1265.7,1248.1,1255.2,216993
2023-09-08,1255.1,1259.2,1248,1249.9,189993
2023-09-11,1259,1261.8,1201,1233,230817
2023-09-12,1230.2,1257,1228.3,1257,226387
2023-09-13,1257,1261,1235.2,1245,272841
2023-09-14,1246.3,1251.9,1226.1,1235,286980
2023-09-15,1238.3,1244.9,1233.6,1240.5,260300
2023-09-18,1236,1236.3,1212.5,1222,257215
2023-09-19,1225.1,1229.4,1213.5,1222,246151
2023-09-20,1222.9,1237.7,1221.6,1231.6,196356
2023-09-21,1230,1232.4,1217.1,1220.6,150699
2023-09-22,1200.1,1202,1176.2,1192.6,325672
2023-09-25,1186.1,1195.7,1162,1162.5,236394
2023-09-26,1161,1176,1151.6,1151.6,382289
2023-09-27,1152.1,1164.9,1146,1163.7,314931
2023-09-28,1165.5,1167,1138,1162.5,370686
2023-09-29,1165.7,1173.2,1160.6,1160.6,254431
2023-10-02,1162.5,1172,1157.7,1166.8,206705
2023-10-03,1158.8,1158.8,1127.6,1131.3,343988
2023-10-04,1121.8,1143.5,1116.1,1132.5,303952
2023-10-05,1133,1136.4,1120,1120,250256
2023-10-06,1122.5,1142.7,1120,1138.4,240680
2023-10-09,1136.4,1148,1132.5,1145,223403
2023-10-10,1156,1161.9,1153.3,1157,193719
2023-10-11,1157,1166,1153.1,1166,173702
2023-10-12,1168.6,1168.9,1158.1,1161.5,162139
2023-10-13,1155,1164,1146.1,1161.1,207612
2023-10-16,1158,1159.8,1143,1146.5,191927
2023-10-17,1151.4,1159,1134.9,1134.9,220520
2023-10-18,1139,1143,1113,1125,264662
2023-10-19,1124,1125.3,1111,1112,217804
2023-10-20,1101,1123,1096.9,1117,265883
2023-10-23,1116.9,1117.3,1093.7,1104.9,294508
2023-10-24,1109,1121.5,1102,1112,278023
2023-10-25,1116.3,1122.9,1109.2,1109.2,242088
2023-10-26,1102.2,1103,1052,1060,427749
2023-10-27,1065.1,1069.8,1050,1068.5,369861
2023-10-30,1059.8,1066.6,1039.9,1039.9,285307
2023-10-31,1043.9,1053.5,1035.5,1039.7,354611
2023-11-01,1046.8,1053,1039,1047.5,316798
2023-11-02,1057.5,1087,1054.8,1087,304657
2023-11-03,1092.1,1095,1084.6,1087,283785
2023-11-06,1095.9,1106,1095.4,1106,245723
2023-11-07,1101.6,1102.8,1094,1095.4,225271
2023-11-08,1094.5,1136.9,1086.3,1134,339848
2023-11-09,1135.1,1139,1123.4,1125,311476
2023-11-10,1115,1124.3,1106,1108.5,322149
2023-11-13,1109.1,1116.3,1099.6,1107,283821
2023-11-14,1115.9,1123.5,1110.1,1120,273964
2023-11-15,1141,1151.8,1133,1134,278283
2023-11-16,1128.4,1133,1122.2,1125.1,191870
2023-11-17,1142,1142,1095,1105,359199
2023-11-20,1081.9,1117,1080.3,1102,351409
2023-11-21,1108,1112.5,1101,1111,289714
2023-11-22,1111.8,1114.9,1096.2,1112,281618
2023-11-23,1118.3,1118.5,1080,1080,302446
2023-11-24,1083,1086.5,1066,1084.9,333397
2023-11-27,1084,1085,1076,1076,212341
2023-11-28,1077.4,1092.6,1068.3,1087,287009
2023-11-29,1087,1099,1087,1092.1,209420
2023-11-30,1090.1,1098.3,1075.5,1076,270477
2023-12-01,1081,1094.9,1077.4,1090.1,252210
2023-12-04,1097,1116.8,1094.2,1107,255111
2023-12-05,1105.6,1108.5,1096.1,1099,217358
2023-12-06,1103.2,1111.8,1101.2,1111.1,185649
2023-12-07,1109.5,1118,1097.4,1112,367351
2023-12-08,1112,1119,1109,1112,234846
2023-12-11,1115.6,1120,1112.3,1117,159663
2023-12-12,1121.5,1122.7,1113.2,1118.8,178567
2023-12-13,1123,1123.4,1106.3,1107,206967
2023-12-14,1112.8,1113.5,1103.2,1103.9,207145
2023-12-15,1105.4,1108.7,1096.7,1099.3,223612
2023-12-18,1097.8,1099.5,1082,1082,225820
2023-12-19,1082,1091.3,1078.1,1091.3,227937
2023-12-20,1092,1097.5,1090.2,1096.1,151091
2023-12-21,1093.5,1096,1089,1094.7,131873
2023-12-22,1100,1100,1093.3,1097.7,170928
2023-12-25,1096.3,1119.7,1096.3,1115,180213
2023-12-26,1115.4,1121.5,1113.3,1121.5,132812
2023-12-27,1121.8,1126.4,1116.9,1116.9,136184
2023-12-28,1118.3,1136,1117,1132.9,157785
2023-12-29,1133.2,1139.6,1130.5,1134.6,162096
2024-01-02,1138.5,1141.8,1131,1133.5,167307
2024-01-03,1130.5,1148.3,1126.4,1148.3,173569
2024-01-04,1146,1171.6,1145.5,1156.5,260804
2024-01-05,1156.1,1166,1154.2,1166,199452
2024-01-08,1166.4,1173.4,1160.5,1162,182329
2024-01-09,1166,1166,1158.6,1163,149850
2024-01-10,1162.8,1170.8,1159.3,1163.1,202057
2024-01-11,1165,1176.7,1162.8,1168.1,208571
2024-01-12,1165.9,1169.8,1151,1165.9,292209
2024-01-15,1168.9,1175.4,1162.7,1162.7,168219
2024-01-16,1158,1172,1157.5,1172,175939
2024-01-17,1171.1,1180,1164.3,1166,228003
2024-01-18,1168.1,1177.8,1165.8,1172.8,171101
2024-01-19,1181,1190,1180.3,1190,188161
2024-01-22,1194.8,1196.4,1186,1194,169558
2024-01-23,1192.7,1194.6,1180.5,1184,179695
2024-01-24,1183.4,1190.5,1178.8,1180.7,201972
2024-01-25,1181,1184,1175,1180.5,182856
2024-01-26,1182.9,1189,1181,1187,155805
2024-01-29,1188.6,1189.5,1181.6,1183.6,114408
2024-01-30,1184,1187.3,1182.7,1186,81386
2024-01-31,1186.2,1188.5,1165.6,1171,177010
2024-02-01,1168.9,1180.5,1168.6,1177.2,160396
2024-02-02,1179.9,1182.4,1174.8,1181.1,132910
2024-02-05,1182.6,1213.9,1181.3,1202.5,170249
2024-02-06,1201.4,1206,1200.5,1203.9,111601
2024-02-07,1206.7,1219.8,1205.2,1219,136049
2024-02-15,1224.9,1227.9,1217.8,1217.8,103152
2024-02-16,1225.6,1232.3,1222.6,1232,130613
2024-02-19,1231.6,1243.9,1230.5,1240.5,146806
2024-02-20,1241.4,1243.9,1237.4,1240.2,133487
2024-02-21,1235.2,1248.3,1235.1,1240,195135
2024-02-22,1240.1,1242.6,1235.5,1238,133024
2024-02-23,1240.5,1254,1225,1225.1,271852
2024-02-26,1228.8,1231.5,1222.1,1230.3,143409
2024-02-27,1231,1242.5,1230.3,1241,179208
2024-02-28,1242.9,1266.2,1241.4,1266.2,224084
2024-02-29,1266.2,1271.5,1255,1262.8,218472
2024-03-01,1265,1269,1259.1,1266.8,182964
2024-03-04,1270.2,1272,1263.3,1268.4,155236
2024-03-05,1267,1279,1264.1,1278.5,173437
2024-03-06,1276.9,1282,1255.1,1266.8,248155
2024-03-07,1267.8,1278.4,1264.2,1273.4,226526
2024-03-08,1274.5,1276,1248.7,1253.8,341569
2024-03-11,1250.3,1254.6,1230.8,1231,220566
2024-03-12,1232.9,1243,1232,1239.8,228488
2024-03-13,1241,1273.9,1240.2,1271.3,245044
2024-03-14,1271.6,1273,1252.5,1260.8,253064
2024-03-15,1257.1,1268,1241.3,1260,297841
2024-03-18,1257.9,1259.8,1218.4,1230.9,349568
2024-03-19,1232.8,1235.8,1224.2,1230,255708
2024-03-20,1233,1262,1228,1255.5,289691
2024-03-21,1260.2,1276,1260.2,1275.7,179921
2024-03-22,1287,1294.7,1275.7,1284.5,270641
2024-03-25,1281,1288,1267.2,1268.9,225890
2024-03-26,1268,1290.9,1265.5,1285,210720
2024-03-27,1286,1289.4,1279.6,1288,194509
2024-03-28,1294,1306.9,1293.7,1306.9,196707
2024-03-29,1306.7,1307.6,1295.3,1298.1,188233
2024-04-01,1292.2,1299.5,1283,1290.4,223772
2024-04-02,1285,1292,1274.1,1290,270424
2024-04-03,1284.8,1288.2,1269.1,1271.9,241517
2024-04-04,1275.6,1280.3,1265,1265,260485
2024-04-05,1254,1265,1251.2,1252.1,229109
2024-04-08,1256.1,1259.6,1247.2,1254.2,214820
2024-04-09,1258,1264.3,1254.2,1264.2,167195
2024-04-10,1265,1272.9,1258.9,1260.1,200459
2024-04-11,1250.8,1265.1,1250.8,1263,193451
2024-04-12,1265.5,1286,1260.1,1286,255196
2024-04-15,1281.5,1286.9,1232,1236.3,310619
2024-04-16,1234.9,1237.9,1212.4,1230,385513
2024-04-17,1233.8,1233.9,1206.5,1214.6,244121
2024-04-19,1200.1,1211.7,1191.7,1191.7,343787
2024-04-22,1200,1215.5,1200,1205.3,276424
2024-04-23,1210,1212.5,1187,1200.6,304445
2024-04-24,1208,1234.5,1207.1,1230.5,297553
2024-04-25,1226.2,1230.7,1221.1,1227,244018
2024-04-26,1221.5,1241,1220.5,1232.4,326266
2024-05-02,1230.2,1242.5,1226.8,1242.4,210606
2024-05-03,1250,1254.9,1246.5,1249.6,194260
2024-05-06,1256.4,1275.8,1256.2,1270,210181
2024-05-07,1273,1277.7,1266.2,1276,205385
2024-05-08,1273,1279,1261,1279,262214
2024-05-09,1277,1281.9,1267,1269,235911
2024-05-10,1274.2,1280.4,1258.6,1270.4,292561
2024-05-13,1272,1275,1261.8,1266,198589
2024-05-14,1269.8,1279.4,1269.1,1274.4,218730
2024-05-15,1277.3,1293.7,1277.3,1286.1,202500
2024-05-16,1295.8,1311.1,1294,1309.8,180049
2024-05-17,1306.8,1308.4,1301.7,1307.9,176193
2024-05-20,1315,1319.8,1310.1,1310.1,156958
2024-05-21,1307.7,1312.1,1297,1312.1,176305
2024-05-22,1310.3,1312.3,1287.4,1292.2,233324
2024-05-23,1288.8,1300,1283,1300,240988
2024-05-24,1293.4,1304,1271.2,1277.7,332506
2024-05-27,1279.8,1281.9,1272.4,1276.2,199465
2024-05-28,1279.7,1292.5,1279.1,1292.5,209266
2024-05-29,1292,1292.4,1275.8,1277.5,248515
2024-05-30,1269.9,1271.4,1256.1,1270,251791
2024-05-31,1270.5,1275.2,1266.5,1270,202776
2024-06-03,1282.7,1298.6,1280.6,1291.5,196207
2024-06-04,1292.9,1302.6,1291.1,1295,204490
2024-06-05,1301.4,1309.6,1295,1295,202210
2024-06-06,1295.5,1306.8,1292.1,1298.7,244921
2024-06-07,1306,1310,1297.7,1308,228346
2024-06-10,1313,1314.2,1305,1310.9,170460
2024-06-11,1315,1315.4,1300.3,1305,218672
2024-06-12,1302.2,1332,1301.3,1330.7,233683
2024-06-13,1331,1339,1324.7,1335,205010
2024-06-14,1333.5,1335.9,1317,1317,204010
2024-06-17,1315.5,1316,1305,1308,218205
2024-06-18,1312.2,1322.5,1308.5,1308.5,221266
2024-06-19,1309.9,1325.8,1298.7,1317,278065
2024-06-20,1317.6,1327.9,1316.3,1323.7,217494
2024-06-21,1322.6,1323.6,1311.2,1320.9,250436
2024-06-24,1314,1317.4,1285.5,1290.7,295693
2024-06-25,1294,1294,1280,1287.7,248091
2024-06-26,1288,1291.8,1275,1290,247917
2024-06-27,1285,1292,1280.6,1289,210340
2024-06-28,1291.6,1292.8,1271.1,1274.3,233786
2024-07-01,1277.2,1285.8,1271.7,1285,180350
2024-07-02,1284.7,1299,1283.5,1295.2,227913
2024-07-03,1297.1,1310,1294.5,1307,178940
2024-07-04,1307,1313.5,1303.3,1308.6,170552
2024-07-05,1308.5,1316.9,1307,1316.3,194337
2024-07-08,1317,1317.9,1305.6,1314,182373
2024-07-09,1316.1,1322,1304.5,1320.5,246307
2024-07-10,1318.9,1322,1309.4,1310,208591
2024-07-11,1316,1317.9,1305.5,1305.7,188486
2024-07-12,1304.9,1310,1298,1300,207770
2024-07-15,1302,1305.6,1292.5,1299,142879
2024-07-16,1301.5,1308.8,1298.5,1302.7,179097
2024-07-17,1309,1322,1294.4,1303.2,271812
2024-07-18,1303.2,1305,1287.2,1297.5,208453
2024-07-19,1304.5,1312,1295.1,1297.1,225170
2024-07-22,1291.3,1304.6,1291,1300,271467
2024-07-23,1301.4,1303.8,1280,1284.2,213270
2024-07-24,1283.3,1287.6,1273.3,1283.5,251117
2024-07-25,1275.2,1279.2,1270.6,1276.6,207819
2024-07-26,1278.6,1285,1276.8,1285,164429
2024-07-29,1289.9,1294.8,1287.8,1287.8,137191
2024-07-30,1286.1,1292.4,1284.2,1292.4,174782
2024-07-31,1292,1304.3,1291,1304.3,204705
2024-08-01,1306,1306.2,1270.5,1275,254539
2024-08-02,1265.3,1277.8,1256.3,1275.9,271372
2024-08-05,1257,1263,1226.6,1233,366001
2024-08-06,1244.8,1256.3,1237.1,1249.6,276324
2024-08-07,1252.2,1255.6,1245.5,1250,240957
2024-08-08,1248.3,1251.4,1237.3,1240.1,259864
2024-08-09,1249,1266.6,1247.3,1264.9,245888
2024-08-12,1262.5,1270.5,1258.7,1270,226622
2024-08-13,1269,1270.3,1262.2,1267,197966
2024-08-14,1270.9,1274,1268,1268,178968
2024-08-15,1268,1269.7,1263,1267.7,113347
2024-08-16,1271.6,1290,1268.1,1288,226539
2024-08-19,1289,1300.7,1288.2,1298,193822
2024-08-20,1301.6,1308.8,1298.3,1302,199742
2024-08-21,1300.8,1314.6,1297.1,1312.4,222658
2024-08-22,1312.7,1316.7,1310.2,1314.2,187742
2024-08-23,1311.6,1318.8,1310.1,1315.3,182558
2024-08-26,1320.8,1323.1,1316.2,1317,152481
2024-08-27,1316.9,1323.8,1315.2,1321.8,156114
2024-08-28,1320.6,1324.8,1317,1322.1,166949
2024-08-29,1321.1,1330.2,1320.3,1326.8,165014
2024-08-30,1328.9,1335,1328,1332.7,123414
2024-09-04,1320.8,1321.6,1307.3,1314,174577
2024-09-05,1316.1,1318.6,1304.2,1307.7,168484
2024-09-06,1307.6,1311.3,1305.6,1309,150932
2024-09-09,1299.1,1309,1298.5,1307.7,154640
2024-09-10,1310.5,1313.6,1289,1294.1,201089
2024-09-11,1294.5,1297.5,1286.5,1293,203153
2024-09-12,1300,1303.4,1297.5,1297.5,161493
2024-09-13,1300,1300.2,1291.2,1294.1,193826
2024-09-16,1297,1297.4,1282,1282,168579
2024-09-17,1283,1305.8,1282.2,1305.8,184839
2024-09-18,1305,1318.5,1303.2,1311.9,217794
2024-09-19,1314,1320.2,1312.6,1316.9,120978
2024-09-20,1329.8,1338.3,1327.5,1330,176360
2024-09-23,1331,1332.6,1324.5,1325.5,129997
2024-09-24,1326,1335.4,1322,1335,165206
2024-09-25,1335.6,1350,1335.6,1344,182000
2024-09-26,1346,1366.7,1345.2,1356.4,224845
2024-09-27,1357.7,1363.8,1350.8,1355.5,223803
2024-09-30,1352.6,1357,1349.7,1357,142672
2024-10-01,1361.3,1374.7,1360,1360,196465
2024-10-02,1353.3,1361.4,1351.6,1357.1,183317
2024-10-03,1360,1376.9,1349,1349,299348
2024-10-04,1351.9,1352.7,1343,1343,205863
2024-10-07,1347.5,1349.4,1331.6,1340,203511
2024-10-08,1340.1,1350,1336.6,1341.7,224012
2024-10-09,1344.1,1358.5,1342.4,1358.3,212669
2024-10-10,1363.4,1373.4,1362.3,1366.2,209063
2024-10-11,1366.2,1368,1358.5,1366.6,171571
2024-10-14,1376,1376.8,1358.5,1359,210937
2024-10-15,1360,1369.6,1354.5,1358,232945
2024-10-16,1355.9,1359.6,1350.5,1354.6,172569
2024-10-17,1358,1361.9,1347.1,1358.3,162811
2024-10-18,1375,1378,1363.8,1365.9,257597
2024-10-21,1364,1369.9,1362.5,1363.9,165731
2024-10-22,1360,1363.4,1350,1352.2,195827
2024-10-23,1353,1355.6,1345,1354,210171
2024-10-24,1352.8,1354.1,1336.1,1338,233341
2024-10-25,1338.5,1339.8,1327,1327.2,226084
2024-10-28,1330,1332.4,1327.2,1332,130507
2024-10-29,1334,1341.2,1334,1339.4,164121
2024-10-30,1341.8,1342.7,1331.2,1342,186935
2024-10-31,1339,1347.9,1333.7,1343.5,202412
2024-11-01,1340.2,1340.5,1325.2,1330.4,215897
2024-11-04,1332.8,1332.9,1317,1318.5,213933
2024-11-05,1319.6,1324.2,1317.2,1319,142162
2024-11-06,1325,1341,1324,1341,214890
2024-11-07,1342,1343.6,1333.8,1334.7,190000
2024-11-08,1337.5,1340.5,1318,1324,220730
2024-11-11,1324,1324.4,1305.8,1320.1,233948
2024-11-12,1321.1,1323.5,1302.4,1310,246958
2024-11-13,1304,1313.5,1298.2,1307.3,265510
2024-11-14,1305.3,1310,1292.9,1292.9,251563
2024-11-15,1292.8,1292.8,1275.6,1275.6,253504
2024-11-18,1271.5,1280.7,1261.8,1273.2,245512
2024-11-19,1272.9,1274.9,1262.2,1262.3,265393
2024-11-20,1260,1280.4,1253.4,1270,322061
2024-11-21,1267.8,1283.8,1264.4,1281.3,215891
2024-11-22,1294.7,1301.8,1291.2,1298,236753
2024-11-25,1298.8,1301,1294.3,1298.4,178667
2024-11-26,1296.1,1312,1296,1307,196395
2024-11-27,1307.6,1309.3,1304.2,1307.8,143160
2024-11-28,1310.1,1319,1304.9,1305.5,199664
2024-11-29,1305,1318.7,1304.3,1318,207782
2024-12-02,1322.9,1323.8,1309.1,1313.5,149799
2024-12-03,1315.9,1318.4,1305.3,1314,223575
2024-12-04,1312.3,1312.9,1302.6,1303,208588
2024-12-05,1303.8,1345.8,1302.2,1345,297674
2024-12-06,1342.6,1348.9,1340.6,1342,184613
2024-12-09,1342,1351.9,1335.9,1339.9,168276
2024-12-10,1339.9,1345.6,1336.5,1343,179171
2024-12-11,1340.6,1347.7,1333,1338.6,186349
2024-12-12,1340.9,1351.6,1336.4,1339.5,216591
2024-12-13,1336,1339.3,1330.1,1335,193475
2024-12-16,1333,1338.4,1327.2,1335,167520
2024-12-17,1336.6,1336.6,1326.2,1331,175869
2024-12-18,1329,1335,1328.7,1331,142102
2024-12-19,1315,1322,1311.5,1312.3,171914
2024-12-20,1316.2,1321.2,1314.5,1321.2,136674
2024-12-23,1325.5,1331.4,1325.5,1328,112685
2024-12-24,1325.5,1328.5,1321.5,1328,130166
2024-12-25,1333.6,1355.9,1332,1350.1,215245
2024-12-26,1351.2,1351.2,1347.2,1350.7,114675
2024-12-27,1352.9,1357.6,1348.5,1348.5,122641
2024-12-30,1346.8,1347.4,1341.2,1345.2,94948
2024-12-31,1344.9,1352.1,1344.2,1345.5,135212
2025-01-02,1347.8,1351.5,1336.3,1346.9,153177
2025-01-03,1345.8,1345.8,1324,1324,172932
2025-01-06,1324,1331,1318.9,1318.9,148400
2025-01-07,1319,1328,1315,1318.4,174014
2025-01-08,1318.4,1322.9,1311.1,1322.5,186377
2025-01-09,1323,1324.9,1310,1314.5,186134
2025-01-10,1317,1317.4,1291.2,1295.6,202986
2025-01-13,1286.5,1299.5,1286,1299.5,181090
2025-01-14,1301.5,1301.5,1285.3,1291.2,191279
2025-01-15,1293.9,1302.4,1291.1,1296.6,201483
2025-01-16,1304.5,1309.8,1295,1295.1,162714
2025-01-17,1309,1320.8,1307.5,1320.8,183914
2025-01-20,1319,1326.9,1319,1324.5,139833
2025-01-21,1324.8,1333.3,1316.5,1322.8,181676
2025-01-22,1328.1,1328.8,1318.8,1320.5,186092
2025-01-23,1320.2,1348,1320.2,1339,234042
2025-01-24,1340.1,1346.5,1337.5,1343.9,156520
2025-02-03,1331,1332.3,1313.5,1318,177185
2025-02-04,1325.4,1331.1,1320.5,1328.5,172016
2025-02-05,1331.5,1338,1329.4,1333.5,160904
2025-02-06,1335.5,1344.9,1335.3,1339.9,158566
2025-02-07,1338.6,1347.5,1334.9,1343.3,170155
2025-02-10,1333.3,1337.7,1325.1,1330.5,185266
2025-02-11,1333,1334.2,1327.6,1334.1,143632
2025-02-12,1337.5,1342,1329.5,1329.5,139180
2025-02-13,1331.9,1338.5,1326.2,1337.5,181417
2025-02-14,1345.5,1350.6,1340.1,1341.8,163646
2025-02-17,1342,1342.1,1335.3,1335.3,120605
2025-02-18,1335.2,1348.4,1331.3,1338.9,202864
2025-02-19,1337.3,1347.3,1335.4,1344.5,177765
2025-02-20,1345,1352.9,1344.5,1350,126860
2025-02-21,1345,1356.4,1344.3,1353.8,166983
2025-02-24,1350.1,1366.8,1350.1,1366.3,170128
2025-02-25,1367,1367,1357.6,1359.8,157253
2025-02-26,1362.5,1363.9,1359.1,1361.9,121657
2025-02-27,1363.5,1364,1350.7,1364,170339
2025-02-28,1358,1361.4,1346.6,1357,203877
2025-03-03,1363,1365.8,1356.1,1361,158067
2025-03-04,1355.4,1370,1351.4,1367,200190
2025-03-05,1365,1374.8,1364.5,1365.2,168137
2025-03-06,1367,1377,1367,1375.4,190645
2025-03-07,1374.8,1387,1373.2,1385.2,178116
2025-03-10,1386.8,1394.9,1385.6,1389.4,149946
2025-03-11,1379,1392,1375.5,1392,189794
2025-03-12,1394.9,1395.6,1387.1,1388.5,173729
2025-03-13,1390,1393.8,1384.1,1385.5,201319
2025-03-14,1383.6,1393.8,1382.2,1385,193169
2025-03-17,1387.1,1391.8,1386,1390.3,129550
2025-03-18,1394.6,1395.3,1385.6,1387.5,136687
2025-03-19,1385.9,1385.9,1376.6,1377,170296
2025-03-20,1378.1,1383,1371.5,1376.5,168737
2025-03-21,1375,1376.4,1370,1373.9,140468
2025-03-24,1376,1390,1367.4,1390,205980
2025-03-25,1391.2,1392.4,1384,1386.7,163716
2025-03-26,1388,1393.5,1375.6,1376.9,209392
2025-03-27,1375,1380.4,1373.5,1374.8,170429
2025-03-28,1374.4,1376,1365.1,1365.1,169888
2025-03-31,1357.3,1360.3,1354.7,1360,133610
2025-04-01,1362.2,1367.8,1359.1,1366,130446
2025-04-02,1367.2,1375,1367.2,1371.6,139222
2025-04-03,1347,1347.9,1275.6,1275.6,317691
2025-04-04,1252.5,1272.5,1203.3,1267.1,430454
2025-04-08,1245,1247.6,1178.5,1178.5,378696
2025-04-09,1115.1,1218,1115,1178,580281
2025-04-10,1260.4,1260.4,1252.2,1260.4,48891
2025-04-11,1280,1308,1263.1,1307,334703
2025-04-14,1313.8,1320.4,1305.3,1317,215798
2025-04-15,1310.2,1316.7,1299.6,1307.7,275452
2025-04-16,1302,1313.5,1285.6,1290,245654
2025-04-17,1287.2,1296,1284.1,1296,210259
2025-04-18,1302.4,1318.9,1290,1290,217811
2025-04-21,1294.8,1298.6,1286.5,1291,226177
2025-04-22,1285,1297.5,1212.5,1292,421002
2025-04-23,1315,1317.3,1295.3,1301,313201
2025-04-24,1304,1312.9,1297,1307,233288
2025-04-25,1314.4,1315,1307,1311.9,197439
2025-04-28,1315.3,1316,1306.1,1312,144326
2025-04-29,1312.1,1312.5,1306.2,1306.2,118296
2025-05-05,1313.2,1318.2,1308,1316.4,90344
2025-05-06,1317.5,1331.4,1316.2,1317.5,170560
2025-05-07,1319,1326,1317.1,1325,142075
2025-05-08,1327.9,1356.5,1325.3,1355,194153
2025-05-09,1354.2,1357.4,1346.8,1350.5,177280
2025-05-12,1356,1379,1352.8,1374,216949
2025-05-13,1379,1380,1372,1380,144786
2025-05-14,1378.6,1399,1378,1396.5,237131
2025-05-15,1396.5,1402.9,1386.6,1400.7,163755
2025-05-16,1397.9,1398.9,1384.2,1384.2,195833
2025-05-19,1379,1392.9,1373.1,1380.1,190970
2025-05-20,1384,1408.8,1382.2,1408,237112
2025-05-21,1407.2,1423,1407.2,1414.5,186482
2025-05-22,1408,1421.9,1402,1402,215668
2025-05-23,1404,1409.4,1400.5,1406.5,155741
2025-05-26,1409.4,1418,1308.1,1416.5,262333
2025-05-27,1417.4,1420,1407.6,1415.5,168177
2025-05-28,1420.9,1428.8,1418.6,1421.2,172978
2025-05-29,1427.9,1430.9,1417,1423.7,158896
2025-05-30,1420,1422.5,1415,1419.5,119850
2025-06-02,1411.1,1418,1408.6,1415.1,149682
2025-06-03,1419,1441,1418.1,1434.9,190811
2025-06-04,1437,1437.2,1426.1,1430,129091
2025-06-05,1428.3,1432,1424.7,1427,118012
2025-06-06,1427,1427,1400,1413.6,175389
2025-06-09,1415.9,1416.6,1397,1397,149897
2025-06-10,1395.2,1411.3,1392.6,1396.9,234556
2025-06-11,1400.2,1402.8,1394.3,1401.8,159545
2025-06-12,1400,1426,1399.2,1409.2,206833
2025-06-13,1399,1399.9,1382,1395.9,262073
2025-06-16,1398.6,1416.7,1393.5,1416.7,172220
2025-06-17,1418.5,1430.2,1415.2,1421,188457
2025-06-18,1424,1433.5,1421.3,1427.4,160161
2025-06-19,1428.9,1441,1426.5,1440.8,146287
2025-06-20,1426.8,1429.8,1420.5,1424.2,141241
2025-06-23,1418,1435.6,1414,1433.6,191017
2025-06-24,1444,1461,1443.2,1449,199519
2025-06-25,1451.9,1457.6,1446.3,1450.2,159652
2025-06-26,1449.7,1457.7,1447.1,1448.8,142410
2025-06-27,1453.2,1463.5,1448.7,1460,175334
2025-06-30,1467.9,1469,1462.6,1462.6,93980
2025-07-01,1463.6,1468.7,1456.3,1459.2,148538
2025-07-02,1461.4,1471.8,1458.7,1469.7,156707
2025-07-03,1459.9,1479.3,1454,1471,219718
2025-07-04,1472,1474.8,1469.4,1472.2,122818
2025-07-07,1475.6,1492.9,1475.6,1492.9,173016
2025-07-08,1494,1512,1491,1512,181740
2025-07-09,1513,1534.5,1513,1533,246053
2025-07-10,1537.5,1639.9,1535.6,1567.9,219870
2025-07-11,1571.7,1602.5,1571.3,1595.9,248763
2025-07-14,1600.5,1608.5,1570,1601.2,290975
2025-07-15,1606,1611.8,1594,1594,172069
2025-07-16,1592.3,1619,1590.3,1618,186399
2025-07-17,1621.5,1644.5,1619.3,1638,205356
2025-07-18,1632,1638,1619.2,1638,263382
2025-07-21,1637,1649,1621,1624.5,259627
2025-07-22,1620.6,1655,1610.6,1655,262279
2025-07-23,1661,1664.5,1641.6,1653,277689
2025-07-24,1656,1657.9,1636.5,1655.5,252754
2025-07-25,1656.2,1675.1,1650,1673,220295
2025-07-28,1675.8,1693.5,1672.2,1693,187508
2025-07-29,1692.8,1693.8,1621,1621,368368
2025-07-30,1625,1634.5,1597.6,1623.3,369811
2025-07-31,1626.8,1631.6,1593,1607.3,372945
2025-08-01,1601.2,1615,1594.2,1615,269595
2025-08-04,1605,1655,1602.1,1653.5,278270
2025-08-05,1661.5,1737.7,1635,1689.6,423561
2025-08-06,1688.2,1728,1680.5,1719.5,351833
2025-08-07,1722,1739.9,1710,1724.8,297996
2025-08-08,1727.7,1732.2,1705.5,1723.2,267798
2025-08-11,1729,1745.7,1723.2,1737.5,256016
2025-08-12,1736,1750.6,1736,1749.4,221955
2025-08-13,1757.6,1759.5,1720.1,1746,364118
2025-08-14,1749,1793,1748.5,1793,308272
2025-08-15,1799.5,1813.6,1766.2,1781,331290
2025-08-18,1786.3,1787.6,1769.3,1780.5,226074
2025-08-19,1782.6,1839,1782.1,1815.9,321138
2025-08-20,1814,1831.2,1775,1831.1,429156
2025-08-21,1834.4,1878.5,1831.1,1876.9,269885
2025-08-22,1859,1859.9,1781.3,1805,548631
2025-08-25,1820.1,1825,1773.2,1783,385100
2025-08-26,1776,1852,1772.5,1852,376161
2025-08-27,1858.8,1869.6,1843.1,1846.4,365348
2025-08-28,1848.5,1865,1826,1862.9,382899
2025-08-29,1867.9,1878.8,1859.5,1861,236427
2025-09-03,1856.2,1863.1,1840.5,1855,259168
2025-09-04,1858.2,1883.7,1843.6,1883.1,273665
2025-09-05,1889,1898,1845.1,1845.1,304496
2025-09-08,1844.5,1844.6,1800,1800,334568
2025-09-09,1802,1825,1795.2,1825,353772
2025-09-10,1825.2,1830.8,1806,1824.8,327940
2025-09-11,1826.9,1862.1,1777.8,1853.5,504756
2025-09-12,1857,1871.2,1835.5,1859,371948
2025-09-15,1859.1,1877.6,1850.6,1876,258243
2025-09-16,1888.8,1895,1867,1876,299822
2025-09-17,1874,1885,1870.2,1873.7,246608
2025-09-18,1877,1877,1852,1856.6,242578
2025-09-19,1854.7,1855.7,1838.2,1848.2,284018
2025-09-22,1848.2,1852,1800.5,1815.1,370638
2025-09-23,1813.9,1832.6,1808.1,1812.1,287551
2025-09-24,1812,1875.5,1795.3,1849,391561
2025-09-25,1849,1857.9,1842.2,1849.4,231079
2025-09-26,1845.1,1864,1840,1840,244881
2025-09-29,1840,1868,1835.2,1855.2,269995
2025-09-30,1855,1864.4,1841.6,1854.4,297095
2025-10-01,1858,1872.3,1853.3,1864,218650
2025-10-02,1867.5,1881.6,1840,1852.8,246038
2025-10-03,1854,1867.8,1844,1856.9,265745
2025-10-06,1864.5,1920,1864,1918.6,305487
2025-10-07,1922.7,1925.8,1908.3,1911.3,211879
2025-10-08,1930,1944,1903.1,1919,319186
2025-10-09,1921.6,1943.6,1915.5,1936.6,301704
2025-10-10,1940,1975.9,1936.2,1975.9,269526
2025-10-13,1965.6,2021,1957.7,2013.6,276463
2025-10-14,2013,2041,2003.1,2014.2,346746
2025-10-15,2018.7,2034,2013.5,2022,281542
2025-10-16,2021.5,2026,2009,2012.7,226777
2025-10-17,2015.9,2017.5,1960,1968,280515
2025-10-20,1969.1,1969.9,1861,1861,350597
2025-10-21,1873.7,1933,1860,1900.2,496865
2025-10-22,1908,1926,1855.1,1926,401911
2025-10-23,1924,1959,1913,1943.5,367424
2025-10-24,1945.5,1954.3,1903.9,1937.4,412641
2025-10-27,1952,1956.6,1891.5,1891.5,413484
2025-10-28,1885,1947.9,1871.1,1940.9,411337
2025-10-29,1943.8,1964.7,1936.1,1947,274890
2025-10-30,1947,1948.4,1910.5,1927,333332
2025-10-31,1928,1928,1887.5,1892,344227
2025-11-03,1893.1,1915,1855.1,1860,412307
2025-11-04,1855,1907.7,1851,1898,369282
2025-11-05,1893,1899,1877,1886,290770
2025-11-06,1889.6,1895.5,1866.5,1866.5,327783
2025-11-07,1862,1864.8,1819,1827.8,285898
2025-11-10,1825,1850.5,1801.3,1801.3,290775
2025-11-11,1807.9,1838,1804.2,1815,363337
2025-11-12,1821,1875.9,1819.7,1870.6,295937
2025-11-13,1870.6,1878.7,1852,1863,296977
2025-11-14,1854,1880,1851.3,1869.7,237240
2025-11-17,1873.7,1896.5,1871.5,1895.2,249298
2025-11-18,1896,1898,1878.3,1898,262967
2025-11-19,1893,1896.5,1878,1885.8,191911
2025-11-20,1889.8,1907.9,1887.9,1898.1,202342
2025-11-21,1876,1893.6,1860.2,1892.4,267558
2025-11-24,1896,1925,1894.2,1911,219485
2025-11-25,1912,1922.5,1900,1908.1,213823
2025-11-26,1912.5,1931,1909.6,1924.9,252444
2025-11-27,1929.2,1934,1915,1921,224302
2025-11-28,1923,1932,1908,1923,205120
2025-12-01,1923.9,1939.8,1922.2,1933.2,197020
2025-12-02,1928.3,1947,1916,1947,255739
2025-12-03,1948.3,1981.9,1948.3,1972,213478
2025-12-04,1974.9,1986.1,1965.5,1977,212389
2025-12-05,1983,1986.5,1969.8,1976.5,201106
2025-12-08,1976.5,1992.6,1976,1984,193078
2025-12-09,1985.9,1987.1,1953.8,1970,320449
2025-12-10,1965.1,1967.9,1931.5,1935,272571
2025-12-11,1944.4,1944.4,1916.2,1919.1,335498
2025-12-12,1925,1925.9,1867,1871,308918
2025-12-15,1868.4,1887,1856,1868.5,293599
2025-12-16,1870.5,1926.8,1856.9,1912.6,402534
2025-12-17,1914,1918.4,1893,1898.1,251627
2025-12-18,1896.5,1902,1884,1899.1,206174
2025-12-19,1911,1942.6,1909.4,1936.9,217839
2025-12-22,1944.8,1997.3,1940.9,1997,238545
2025-12-23,2002,2025.9,1997.2,2015,246118
2025-12-24,2019.4,2024.9,2002.2,2022,280975
2025-12-25,2023,2048.5,1950,1950,278828
2025-12-26,1944,1989.7,1926.1,1969,419216
2025-12-29,1969,2004,1961,1990.2,261936
2025-12-30,1993.5,2014.1,1985,2014.1,270269
2025-12-31,2021,2037.7,2013.8,2029,202596
2026-01-05,2034,2036.1,2003.2,2024.1,229390
2026-01-06,2029.9,2065,2023.2,2062,290669
2026-01-07,2068.9,2094.4,2054.6,2088.2,262629
2026-01-08,2088.9,2109.7,2072.4,2074,287536
2026-01-09,2077,2094,2053,2061.6,326655
2026-01-12,2061,2082.5,2058.5,2079.7,324313
2026-01-13,2085.9,2097.4,2077.2,2084.6,255135
2026-01-14,2083.9,2090.4,2039,2066.6,316339
2026-01-15,2063.3,2063.3,2026,2039.8,312195
2026-01-16,2040.4,2098.8,2040.1,2081.2,276239
2026-01-19,2071.2,2096.2,2071,2088.9,235935
2026-01-20,2100,2115.7,2072.4,2077.5,315990
2026-01-21,2073,2084,2055.1,2078,331432
2026-01-22,2089.4,2099.7,2068.8,2087,296223
2026-01-23,2093.5,2098.9,2075.1,2076,252560
2026-01-26,2072,2076.5,2027,2036,264482
2026-01-27,2034,2042.5,2019,2022,267459
2026-01-28,2023.6,2032,1990.9,2003.8,332998
2026-01-29,2007,2025.1,2006,2025.1,231624
2026-01-30,2026.6,2042,2025.2,2035,187194
2026-02-02,2030,2032.9,1979,2004.9,305178
2026-02-03,2019.9,2024.8,2000,2000,236543
2026-02-04,1999.8,2010,1982.1,2010,300351
2026-02-05,2005.6,2009.6,1972.2,1972.2,281132
2026-02-06,1961,1971.8,1948.6,1951.3,289474
2026-02-09,1964.3,1970.4,1952.3,1955.7,170886
2026-02-10,1960.8,1980,1930,1966.1,283544
2026-02-11,1967.7,2018.3,1967.2,2018,288608
2026-02-12,2024.3,2028,2015.4,2021,131047
2026-02-13,2020.8,2022.4,2009,2010.5,143644
2026-02-23,2033,2049.1,2032,2044,127973
2026-02-24,2041.1,2046.9,2032.2,2046.5,162962
2026-02-25,2055,2066.8,2044.2,2046.5,210643
2026-02-26,2043.7,2077.9,2043.3,2067.1,220525
2026-02-27,2067,2072.5,2048.1,2053.6,204592
2026-03-02,2034.1,2050,2015,2015,235856
2026-03-03,2017,2020,1950.9,1952,320076
2026-03-04,1942,1956,1911.7,1956,394884
2026-03-05,1973.7,1978.8,1920.1,1924.4,315734
2026-03-06,1916.7,1936.6,1894.9,1898.9,354592
2026-03-09,1820,1829.8,1766,1766,295902
2026-03-10,1818.2,1844.9,1803.9,1833,400592
2026-03-11,1840.1,1857.6,1835.1,1855.9,135063